name_admin_unit,admin_unit,part_of_district,region,area_sqkm,all_sexes,male,female,tgend,sex_ratio,pop_den_sqkm,urban_prop,avg_hh_size,pop_2017,avg_annual_gr_rate_17_23
KHYBER PAKHTUNKHWA,PROVINCE,,OVERALL,101741,40856097,20845747,20009233,1117,104.18,401.57,15.01,6.9,35501964,2.38
KHYBER PAKHTUNKHWA,PROVINCE,,RURAL,,34724801,17685692,17038648,461,103.8,,,7,29626670,2.69
KHYBER PAKHTUNKHWA,PROVINCE,,URBAN,,6131296,3160055,2970585,656,106.38,,,6.7,5875294,.72
ABBOTTABAD,DISTRICT,ABBOTTABAD,OVERALL,1967,1419072,712218,706750,104,100.77,721.4400000000001,23.42,5.9,1333089,1.05
ABBOTTABAD,DISTRICT,ABBOTTABAD,RURAL,,1086757,544465,542269,23,100.4,,,5.9,1039104,.75
ABBOTTABAD,DISTRICT,ABBOTTABAD,URBAN,,332315,167753,164481,81,101.99,,,6.2,293985,2.07
ABBOTTABAD,TEHSIL,ABBOTTABAD,OVERALL,1285,1003339,506019,497263,57,101.76,780.8099999999999,27.5,6,939576,1.1
ABBOTTABAD,TEHSIL,ABBOTTABAD,RURAL,,727449,366447,360984,18,101.51,,,5.9,693906,.79
ABBOTTABAD,TEHSIL,ABBOTTABAD,URBAN,,275890,139572,136279,39,102.42,,,6.2,245670,1.96
HAVELIAN,TEHSIL,ABBOTTABAD,OVERALL,342,256754,127577,129133,44,98.8,750.74,21.98,6,235725,1.44
HAVELIAN,TEHSIL,ABBOTTABAD,RURAL,,200329,99396,100931,2,98.48,,,6,187410,1.12
HAVELIAN,TEHSIL,ABBOTTABAD,URBAN,,56425,28181,28202,42,99.93000000000001,,,6,48315,2.63
LORA,TEHSIL,ABBOTTABAD,OVERALL,187,98717,48662,50054,1,97.22,527.9,,5.7,97876,.14
LORA,TEHSIL,ABBOTTABAD,RURAL,,98717,48662,50054,1,97.22,,,5.7,97876,.14
LORA,TEHSIL,ABBOTTABAD,URBAN,,,,,,,,,,,
LOWER TANAWAL,TEHSIL,ABBOTTABAD,OVERALL,153,60262,29960,30300,2,98.88,393.87,,5.6,59912,.1
LOWER TANAWAL,TEHSIL,ABBOTTABAD,RURAL,,60262,29960,30300,2,98.88,,,5.6,59912,.1
LOWER TANAWAL,TEHSIL,ABBOTTABAD,URBAN,,,,,,,,,,,
BAJAUR,DISTRICT,BAJAUR,OVERALL,1290,1287960,650798,637147,15,102.14,998.42,0,7,1090987,2.81
BAJAUR,DISTRICT,BAJAUR,RURAL,,1287960,650798,637147,15,102.14,,,7,1090987,2.81
BAJAUR,DISTRICT,BAJAUR,URBAN,,,,,,0,,,,,0
BAR CHAMER KAND,TEHSIL,BAJAUR,OVERALL,13,3574,1825,1748,1,104.41,274.92,,4.7,2868,3.75
BAR CHAMER KAND,TEHSIL,BAJAUR,RURAL,,3574,1825,1748,1,104.41,,,4.7,2868,3.75
BAR CHAMER KAND,TEHSIL,BAJAUR,URBAN,,,,,,,,,,,
BARANG,TEHSIL,BAJAUR,OVERALL,159,90082,45101,44981,,100.27,566.55,,6.4,76493,2.77
BARANG,TEHSIL,BAJAUR,RURAL,,90082,45101,44981,,100.27,,,6.4,76493,2.77
BARANG,TEHSIL,BAJAUR,URBAN,,,,,,,,,,,
KHAR BAJAUR,TEHSIL,BAJAUR,OVERALL,238,301778,152978,148798,2,102.81,1267.97,,7.2,246875,3.41
KHAR BAJAUR,TEHSIL,BAJAUR,RURAL,,301778,152978,148798,2,102.81,,,7.2,246875,3.41
KHAR BAJAUR,TEHSIL,BAJAUR,URBAN,,,,,,,,,,,
MAMUND,TEHSIL,BAJAUR,OVERALL,250,358190,181993,176193,4,103.29,1432.76,,7.3,311373,2.37
MAMUND,TEHSIL,BAJAUR,RURAL,,358190,181993,176193,4,103.29,,,7.3,311373,2.37
MAMUND,TEHSIL,BAJAUR,URBAN,,,,,,,,,,,
NAWAGAI,TEHSIL,BAJAUR,OVERALL,216,93850,47662,46184,4,103.2,434.49,,7.1,78494,3.03
NAWAGAI,TEHSIL,BAJAUR,RURAL,,93850,47662,46184,4,103.2,,,7.1,78494,3.03
NAWAGAI,TEHSIL,BAJAUR,URBAN,,,,,,,,,,,
SALARZAI,TEHSIL,BAJAUR,OVERALL,220,316767,159177,157587,3,101.01,1439.85,,6.6,267636,2.86
SALARZAI,TEHSIL,BAJAUR,RURAL,,316767,159177,157587,3,101.01,,,6.6,267636,2.86
SALARZAI,TEHSIL,BAJAUR,URBAN,,,,,,,,,,,
UTMAN KHEL,TEHSIL,BAJAUR,OVERALL,194,123719,62062,61656,1,100.66,637.73,,7.8,107248,2.42
UTMAN KHEL,TEHSIL,BAJAUR,RURAL,,123719,62062,61656,1,100.66,,,7.8,107248,2.42
UTMAN KHEL,TEHSIL,BAJAUR,URBAN,,,,,,,,,,,
BANNU,DISTRICT,BANNU,OVERALL,1972,1357890,706094,651777,19,108.33,688.59,3.56,7.4,1210183,1.94
BANNU,DISTRICT,BANNU,RURAL,,1309492,680031,629449,12,108.04,,,7.4,1160235,2.04
BANNU,DISTRICT,BANNU,URBAN,,48398,26063,22328,7,116.73,,,6.8,49948,-.53
BAKKA KHEL,TEHSIL,BANNU,OVERALL,367,192797,100034,92763,,107.84,525.33,,6.5,168300,2.3
BAKKA KHEL,TEHSIL,BANNU,RURAL,,192797,100034,92763,,107.84,,,6.5,168300,2.3
BAKKA KHEL,TEHSIL,BANNU,URBAN,,,,,,,,,,,
BANNU,TEHSIL,BANNU,OVERALL,228,644909,333303,311589,17,106.97,2828.55,7.5,7.2,563374,2.28
BANNU,TEHSIL,BANNU,RURAL,,596511,307240,289261,10,106.22,,,7.2,513426,2.54
BANNU,TEHSIL,BANNU,URBAN,,48398,26063,22328,7,116.73,,,6.8,49948,-.53
DOMEL,TEHSIL,BANNU,OVERALL,425,224428,120303,104125,,115.54,528.0700000000001,,9.300000000000001,208968,1.2
DOMEL,TEHSIL,BANNU,RURAL,,224428,120303,104125,,115.54,,,9.300000000000001,208968,1.2
DOMEL,TEHSIL,BANNU,URBAN,,,,,,,,,,,
KAKKI,TEHSIL,BANNU,OVERALL,66,92021,47994,44026,1,109.01,1394.26,,6.8,82265,1.89
KAKKI,TEHSIL,BANNU,RURAL,,92021,47994,44026,1,109.01,,,6.8,82265,1.89
KAKKI,TEHSIL,BANNU,URBAN,,,,,,,,,,,
MERYAN,TEHSIL,BANNU,OVERALL,141,166473,85062,81410,1,104.49,1180.66,,7.6,144164,2.43
MERYAN,TEHSIL,BANNU,RURAL,,166473,85062,81410,1,104.49,,,7.6,144164,2.43
MERYAN,TEHSIL,BANNU,URBAN,,,,,,,,,,,
WAZIR,SUB-DIVISION,BANNU,OVERALL,745,37262,19398,17864,,108.59,50.02,,6.9,43112,-2.41
WAZIR,SUB-DIVISION,BANNU,RURAL,,37262,19398,17864,,108.59,,,6.9,43112,-2.41
WAZIR,SUB-DIVISION,BANNU,URBAN,,,,,,,,,,,
BATAGRAM,DISTRICT,BATAGRAM,OVERALL,1301,554133,281298,272825,10,103.11,425.93,0,6.4,476749,2.55
BATAGRAM,DISTRICT,BATAGRAM,RURAL,,554133,281298,272825,10,103.11,,,6.4,476749,2.55
BATAGRAM,DISTRICT,BATAGRAM,URBAN,,,,,,0,,,,,0
AI,TEHSIL,BATAGRAM,OVERALL,804,218149,112255,105889,5,106.01,271.33,,6.2,180502,3.22
AI,TEHSIL,BATAGRAM,RURAL,,218149,112255,105889,5,106.01,,,6.2,180502,3.22
AI,TEHSIL,BATAGRAM,URBAN,,,,,,,,,,,
BATAGRAM,TEHSIL,BATAGRAM,OVERALL,497,335984,169043,166936,5,101.26,676.02,,6.5,296247,2.13
BATAGRAM,TEHSIL,BATAGRAM,RURAL,,335984,169043,166936,5,101.26,,,6.5,296247,2.13
BATAGRAM,TEHSIL,BATAGRAM,URBAN,,,,,,,,,,,
BUNER,DISTRICT,BUNER,OVERALL,1865,1016869,508172,508669,28,99.90000000000001,545.24,0,8.5,895460,2.15
BUNER,DISTRICT,BUNER,RURAL,,1016869,508172,508669,28,99.90000000000001,,,8.5,895460,2.15
BUNER,DISTRICT,BUNER,URBAN,,,,,,0,,,,,0
CHAGHARZAI,TEHSIL,BUNER,OVERALL,218,125949,62900,63045,4,99.77,577.75,,8.699999999999999,109291,2.4
CHAGHARZAI,TEHSIL,BUNER,RURAL,,125949,62900,63045,4,99.77,,,8.699999999999999,109291,2.4
CHAGHARZAI,TEHSIL,BUNER,URBAN,,,,,,,,,,,
DAGGAR,TEHSIL,BUNER,OVERALL,290,192776,95437,97338,1,98.05,664.74,,9,176049,1.53
DAGGAR,TEHSIL,BUNER,RURAL,,192776,95437,97338,1,98.05,,,9,176049,1.53
DAGGAR,TEHSIL,BUNER,URBAN,,,,,,,,,,,
GADEZAI,TEHSIL,BUNER,OVERALL,472,197466,97693,99772,1,97.92,418.36,,9.199999999999999,178760,1.68
GADEZAI,TEHSIL,BUNER,RURAL,,197466,97693,99772,1,97.92,,,9.199999999999999,178760,1.68
GADEZAI,TEHSIL,BUNER,URBAN,,,,,,,,,,,
GAGRA,TEHSIL,BUNER,OVERALL,217,179087,89906,89160,21,100.84,825.29,,9.199999999999999,160680,1.83
GAGRA,TEHSIL,BUNER,RURAL,,179087,89906,89160,21,100.84,,,9.199999999999999,160680,1.83
GAGRA,TEHSIL,BUNER,URBAN,,,,,,,,,,,
KHADO KHEL,TEHSIL,BUNER,OVERALL,343,136560,68346,68213,1,100.19,398.13,,7.6,118072,2.46
KHADO KHEL,TEHSIL,BUNER,RURAL,,136560,68346,68213,1,100.19,,,7.6,118072,2.46
KHADO KHEL,TEHSIL,BUNER,URBAN,,,,,,,,,,,
MANDANR,TEHSIL,BUNER,OVERALL,325,185031,93890,91141,,103.02,569.33,,7.6,152608,3.27
MANDANR,TEHSIL,BUNER,RURAL,,185031,93890,91141,,103.02,,,7.6,152608,3.27
MANDANR,TEHSIL,BUNER,URBAN,,,,,,,,,,,
CHARSADDA,DISTRICT,CHARSADDA,OVERALL,996,1835504,950872,884613,19,107.49,1842.88,15.93,6.9,1610960,2.2
CHARSADDA,DISTRICT,CHARSADDA,RURAL,,1543078,799098,743964,16,107.41,,,7,1340756,2.38
CHARSADDA,DISTRICT,CHARSADDA,URBAN,,292426,151774,140649,3,107.91,,,6.5,270204,1.33
CHARSADDA,TEHSIL,CHARSADDA,OVERALL,445,909438,473703,435727,8,108.72,2043.68,16.98,7,809660,1.96
CHARSADDA,TEHSIL,CHARSADDA,RURAL,,755011,393860,361145,6,109.06,,,7,663859,2.17
CHARSADDA,TEHSIL,CHARSADDA,URBAN,,154427,79843,74582,2,107.05,,,6.7,145801,.97
SHABQADAR,TEHSIL,CHARSADDA,OVERALL,204,440524,226683,213834,7,106.01,2159.43,23.23,6.9,379952,2.5
SHABQADAR,TEHSIL,CHARSADDA,RURAL,,338184,173083,165095,6,104.84,,,7,288462,2.69
SHABQADAR,TEHSIL,CHARSADDA,URBAN,,102340,53600,48739,1,109.97,,,6.7,91490,1.89
TANGI,TEHSIL,CHARSADDA,OVERALL,347,485542,250486,235052,4,106.57,1399.26,7.34,6.8,421348,2.4
TANGI,TEHSIL,CHARSADDA,RURAL,,449883,232155,217724,4,106.63,,,6.9,388435,2.48
TANGI,TEHSIL,CHARSADDA,URBAN,,35659,18331,17328,,105.79,,,5.5,32913,1.35
DERA ISMAIL KHAN,DISTRICT,DERA ISMAIL KHAN,OVERALL,9334,1829811,959405,870255,151,110.24,196.04,20.48,6.7,1693594,1.3
DERA ISMAIL KHAN,DISTRICT,DERA ISMAIL KHAN,RURAL,,1455054,762341,692700,13,110.05,,,6.9,1333376,1.47
DERA ISMAIL KHAN,DISTRICT,DERA ISMAIL KHAN,URBAN,,374757,197064,177555,138,110.99,,,6.2,360218,.66
DARABAN,TEHSIL,DERA ISMAIL KHAN,OVERALL,1540,149447,79171,70275,1,112.66,97.04000000000001,,7.7,124318,3.12
DARABAN,TEHSIL,DERA ISMAIL KHAN,RURAL,,149447,79171,70275,1,112.66,,,7.7,124318,3.12
DARABAN,TEHSIL,DERA ISMAIL KHAN,URBAN,,,,,,,,,,,
DERA ISMAIL KHAN,TEHSIL,DERA ISMAIL KHAN,OVERALL,1167,767979,404269,363571,139,111.19,658.08,28.72,6.5,730678,.84
DERA ISMAIL KHAN,TEHSIL,DERA ISMAIL KHAN,RURAL,,547404,287918,259481,5,110.96,,,6.7,512660,1.1
DERA ISMAIL KHAN,TEHSIL,DERA ISMAIL KHAN,URBAN,,220575,116351,104090,134,111.78,,,6.1,218018,.2
DRAZANDA,SUB-DIVISION,DERA ISMAIL KHAN,OVERALL,2008,82386,43675,38711,,112.82,41.03,,8.4,68506,3.13
DRAZANDA,SUB-DIVISION,DERA ISMAIL KHAN,RURAL,,82386,43675,38711,,112.82,,,8.4,68506,3.13
DRAZANDA,SUB-DIVISION,DERA ISMAIL KHAN,URBAN,,,,,,,,,,,
KULACHI,TEHSIL,DERA ISMAIL KHAN,OVERALL,1229,102595,54240,48353,2,112.18,83.48,23.86,6.3,101892,.11
KULACHI,TEHSIL,DERA ISMAIL KHAN,RURAL,,78114,41237,36875,2,111.83,,,6.4,77139,.21
KULACHI,TEHSIL,DERA ISMAIL KHAN,URBAN,,24481,13003,11478,,113.29,,,6,24753,-.18
PAHARPUR,TEHSIL,DERA ISMAIL KHAN,OVERALL,1657,406467,209833,196626,8,106.72,245.3,21.58,6.8,362606,1.93
PAHARPUR,TEHSIL,DERA ISMAIL KHAN,RURAL,,318771,164049,154717,5,106.03,,,6.9,285040,1.89
PAHARPUR,TEHSIL,DERA ISMAIL KHAN,URBAN,,87696,45784,41909,3,109.25,,,6.5,77566,2.07
PAROA,TEHSIL,DERA ISMAIL KHAN,OVERALL,1733,320937,168217,152719,1,110.15,185.19,13.09,6.5,305594,.82
PAROA,TEHSIL,DERA ISMAIL KHAN,RURAL,,278932,146291,132641,,110.29,,,6.6,265713,.8100000000000001
PAROA,TEHSIL,DERA ISMAIL KHAN,URBAN,,42005,21926,20078,1,109.2,,,6.4,39881,.87
HANGU,DISTRICT,HANGU,OVERALL,1097,528902,260293,268601,8,96.91,482.13,16.21,8.6,518811,.32
HANGU,DISTRICT,HANGU,RURAL,,443175,216894,226277,4,95.84999999999999,,,8.699999999999999,416309,1.05
HANGU,DISTRICT,HANGU,URBAN,,85727,43399,42324,4,102.54,,,7.9,102502,-2.94
HANGU,TEHSIL,HANGU,OVERALL,669,280883,138393,142488,2,97.13,419.86,15.54,8.4,270399,.64
HANGU,TEHSIL,HANGU,RURAL,,237241,116413,120827,1,96.34999999999999,,,8.5,221598,1.15
HANGU,TEHSIL,HANGU,URBAN,,43642,21980,21661,1,101.47,,,7.7,48801,-1.85
TALL,TEHSIL,HANGU,OVERALL,428,248019,121900,126113,6,96.66,579.48,16.97,8.9,248412,-.03
TALL,TEHSIL,HANGU,RURAL,,205934,100481,105450,3,95.29000000000001,,,9.1,194711,.9399999999999999
TALL,TEHSIL,HANGU,URBAN,,42085,21419,20663,3,103.66,,,8.199999999999999,53701,-3.99
HARIPUR,DISTRICT,HARIPUR,OVERALL,1725,1174783,591540,583198,45,101.43,681.03,12.58,6.1,1001515,2.7
HARIPUR,DISTRICT,HARIPUR,RURAL,,1027018,517365,509638,15,101.52,,,6.1,868415,2.84
HARIPUR,DISTRICT,HARIPUR,URBAN,,147765,74175,73560,30,100.84,,,6,133100,1.76
GHAZI,TEHSIL,HARIPUR,OVERALL,595,151839,75583,76254,2,99.12,255.19,,5.7,144917,.78
GHAZI,TEHSIL,HARIPUR,RURAL,,151839,75583,76254,2,99.12,,,5.7,144917,.78
GHAZI,TEHSIL,HARIPUR,URBAN,,,,,,,,,,,
HARIPUR,TEHSIL,HARIPUR,OVERALL,834,836058,423043,412975,40,102.44,1002.47,17.67,6.1,683411,3.43
HARIPUR,TEHSIL,HARIPUR,RURAL,,688293,348868,339415,10,102.79,,,6.2,550311,3.81
HARIPUR,TEHSIL,HARIPUR,URBAN,,147765,74175,73560,30,100.84,,,6,133100,1.76
KHANPUR,TEHSIL,HARIPUR,OVERALL,296,186886,92914,93969,3,98.88,631.37,,6,173187,1.28
KHANPUR,TEHSIL,HARIPUR,RURAL,,186886,92914,93969,3,98.88,,,6,173187,1.28
KHANPUR,TEHSIL,HARIPUR,URBAN,,,,,,,,,,,
KARAK,DISTRICT,KARAK,OVERALL,3371,815878,421292,394575,11,106.77,242.03,7.12,8.4,705362,2.46
KARAK,DISTRICT,KARAK,RURAL,,757813,391202,366600,11,106.71,,,8.6,654276,2.49
KARAK,DISTRICT,KARAK,URBAN,,58065,30090,27975,,107.56,,,7.3,51086,2.16
BANDA DAUD SHAH,TEHSIL,KARAK,OVERALL,1465,177744,89334,88409,1,101.05,121.33,,7.9,155482,2.26
BANDA DAUD SHAH,TEHSIL,KARAK,RURAL,,177744,89334,88409,1,101.05,,,7.9,155482,2.26
BANDA DAUD SHAH,TEHSIL,KARAK,URBAN,,,,,,,,,,,
KARAK,TEHSIL,KARAK,OVERALL,1299,339983,176245,163732,6,107.64,261.73,17.08,8.5,292829,2.53
KARAK,TEHSIL,KARAK,RURAL,,281918,146155,135757,6,107.66,,,8.800000000000001,241743,2.6
KARAK,TEHSIL,KARAK,URBAN,,58065,30090,27975,,107.56,,,7.3,51086,2.16
TAKHT-E-NASRATI,TEHSIL,KARAK,OVERALL,607,298151,155713,142434,4,109.32,491.19,,8.800000000000001,257051,2.51
TAKHT-E-NASRATI,TEHSIL,KARAK,RURAL,,298151,155713,142434,4,109.32,,,8.800000000000001,257051,2.51
TAKHT-E-NASRATI,TEHSIL,KARAK,URBAN,,,,,,,,,,,
KHYBER,DISTRICT,KHYBER,OVERALL,2576,1146267,598268,547989,10,109.18,444.98,8.26,6.8,984246,2.58
KHYBER,DISTRICT,KHYBER,RURAL,,1051560,548551,502999,10,109.06,,,6.8,886789,2.89
KHYBER,DISTRICT,KHYBER,URBAN,,94707,49717,44990,,110.51,,,6.8,97457,-.48
BARA,TEHSIL,KHYBER,OVERALL,1430,548084,284157,263921,6,107.67,383.28,,7.1,443449,3.6
BARA,TEHSIL,KHYBER,RURAL,,548084,284157,263921,6,107.67,,,7.1,443449,3.6
BARA,TEHSIL,KHYBER,URBAN,,,,,,,,,,,
JAMRUD,TEHSIL,KHYBER,OVERALL,311,243290,128360,114927,3,111.69,782.28,23.28,6.5,227557,1.12
JAMRUD,TEHSIL,KHYBER,RURAL,,186648,98727,87918,3,112.29,,,6.5,163829,2.2
JAMRUD,TEHSIL,KHYBER,URBAN,,56642,29633,27009,,109.72,,,6.6,63728,-1.95
LANDI KOTAL,TEHSIL,KHYBER,OVERALL,679,312313,163167,149145,1,109.4,459.96,12.19,6.5,273052,2.27
LANDI KOTAL,TEHSIL,KHYBER,RURAL,,274248,143083,131164,1,109.09,,,6.5,239323,2.3
LANDI KOTAL,TEHSIL,KHYBER,URBAN,,38065,20084,17981,,111.7,,,7.1,33729,2.04
MULLA GORI,TEHSIL,KHYBER,OVERALL,156,42580,22584,19996,,112.94,272.95,,7.1,40188,.97
MULLA GORI,TEHSIL,KHYBER,RURAL,,42580,22584,19996,,112.94,,,7.1,40188,.97
MULLA GORI,TEHSIL,KHYBER,URBAN,,,,,,,,,,,
KOHAT,DISTRICT,KOHAT,OVERALL,2991,1234661,629566,605066,29,104.05,412.79,22.58,7.2,1111266,1.78
KOHAT,DISTRICT,KOHAT,RURAL,,955920,484870,471041,9,102.94,,,7.4,841340,2.16
KOHAT,DISTRICT,KOHAT,URBAN,,278741,144696,134025,20,107.96,,,6.6,269926,.54
DARRA ADAM KHEL,SUB-DIVISION,KOHAT,OVERALL,446,139839,70667,69172,,102.16,313.54,,7.7,118839,2.76
DARRA ADAM KHEL,SUB-DIVISION,KOHAT,RURAL,,139839,70667,69172,,102.16,,,7.7,118839,2.76
DARRA ADAM KHEL,SUB-DIVISION,KOHAT,URBAN,,,,,,,,,,,
GUMBAT,TEHSIL,KOHAT,OVERALL,503,124530,63027,61502,1,102.48,247.57,,6.7,112340,1.74
GUMBAT,TEHSIL,KOHAT,RURAL,,124530,63027,61502,1,102.48,,,6.7,112340,1.74
GUMBAT,TEHSIL,KOHAT,URBAN,,,,,,,,,,,
KOHAT,TEHSIL,KOHAT,OVERALL,911,817610,417370,400217,23,104.29,897.49,28.85,7.3,736657,1.76
KOHAT,TEHSIL,KOHAT,RURAL,,581730,295031,286694,5,102.91,,,7.6,508102,2.29
KOHAT,TEHSIL,KOHAT,URBAN,,235880,122339,113523,18,107.77,,,6.6,228555,.53
LACHI,TEHSIL,KOHAT,OVERALL,1131,152682,78502,74175,5,105.83,135,28.07,7,143430,1.05
LACHI,TEHSIL,KOHAT,RURAL,,109821,56145,53673,3,104.61,,,7,102059,1.23
LACHI,TEHSIL,KOHAT,URBAN,,42861,22357,20502,2,109.05,,,6.9,41371,.59
KOLAI PALAS KOHISTAN,DISTRICT,KOLAI PALAS KOHISTAN,OVERALL,1410,280162,142588,137572,2,103.65,198.7,0,6.9,274923,.32
KOLAI PALAS KOHISTAN,DISTRICT,KOLAI PALAS KOHISTAN,RURAL,,280162,142588,137572,2,103.65,,,6.9,274923,.32
KOLAI PALAS KOHISTAN,DISTRICT,KOLAI PALAS KOHISTAN,URBAN,,,,,,0,,,,,0
BATTAIRA,SUB-DIVISION,KOLAI PALAS KOHISTAN,OVERALL,170,142660,73797,68862,1,107.17,839.18,,7.2,93879,7.24
BATTAIRA,SUB-DIVISION,KOLAI PALAS KOHISTAN,RURAL,,142660,73797,68862,1,107.17,,,7.2,93879,7.24
BATTAIRA,SUB-DIVISION,KOLAI PALAS KOHISTAN,URBAN,,,,,,,,,,,
PALAS,SUB-DIVISION,KOLAI PALAS KOHISTAN,OVERALL,1240,137502,68791,68710,1,100.12,110.89,,6.6,181044,-4.49
PALAS,SUB-DIVISION,KOLAI PALAS KOHISTAN,RURAL,,137502,68791,68710,1,100.12,,,6.6,181044,-4.49
PALAS,SUB-DIVISION,KOLAI PALAS KOHISTAN,URBAN,,,,,,,,,,,
KURRAM,DISTRICT,KURRAM,OVERALL,3380,785434,406914,378505,15,107.51,232.38,5.79,8.300000000000001,615372,4.16
KURRAM,DISTRICT,KURRAM,RURAL,,739963,382747,357202,14,107.15,,,8.199999999999999,577327,4.24
KURRAM,DISTRICT,KURRAM,URBAN,,45471,24167,21303,1,113.44,,,9.5,38045,3.02
CENTRAL KURRAM F.R,TEHSIL,KURRAM,OVERALL,1470,358670,190453,168210,7,113.22,243.99,,8.699999999999999,229007,7.79
CENTRAL KURRAM F.R,TEHSIL,KURRAM,RURAL,,358670,190453,168210,7,113.22,,,8.699999999999999,229007,7.79
CENTRAL KURRAM F.R,TEHSIL,KURRAM,URBAN,,,,,,,,,,,
LOWER KURRAM,TEHSIL,KURRAM,OVERALL,940,150945,77724,73216,5,106.16,160.58,26.43,7.8,133929,2.02
LOWER KURRAM,TEHSIL,KURRAM,RURAL,,111057,56531,54522,4,103.68,,,7.2,101386,1.53
LOWER KURRAM,TEHSIL,KURRAM,URBAN,,39888,21193,18694,1,113.37,,,10.1,32543,3.46
UPPER KURRAM,TEHSIL,KURRAM,OVERALL,970,275819,138737,137079,3,101.21,284.35,2.02,8,252436,1.49
UPPER KURRAM,TEHSIL,KURRAM,RURAL,,270236,135763,134470,3,100.96,,,8.1,246934,1.52
UPPER KURRAM,TEHSIL,KURRAM,URBAN,,5583,2974,2609,,113.99,,,7,5502,.24
LAKKI MARWAT,DISTRICT,LAKKI MARWAT,OVERALL,3296,1040856,527121,513722,13,102.61,315.79,9.9,7.8,902138,2.42
LAKKI MARWAT,DISTRICT,LAKKI MARWAT,RURAL,,937767,474909,462846,12,102.61,,,7.9,812886,2.42
LAKKI MARWAT,DISTRICT,LAKKI MARWAT,URBAN,,103089,52212,50876,1,102.63,,,7.4,89252,2.44
BETTANI,SUB-DIVISION,LAKKI MARWAT,OVERALL,132,35571,18290,17281,,105.84,269.48,,7,26394,5.11
BETTANI,SUB-DIVISION,LAKKI MARWAT,RURAL,,35571,18290,17281,,105.84,,,7,26394,5.11
BETTANI,SUB-DIVISION,LAKKI MARWAT,URBAN,,,,,,,,,,,
GHAZNI KHEL,TEHSIL,LAKKI MARWAT,OVERALL,1153,329775,165804,163968,3,101.12,286.01,,7.5,295984,1.82
GHAZNI KHEL,TEHSIL,LAKKI MARWAT,RURAL,,329775,165804,163968,3,101.12,,,7.5,295984,1.82
GHAZNI KHEL,TEHSIL,LAKKI MARWAT,URBAN,,,,,,,,,,,
LAKKI MARWAT,TEHSIL,LAKKI MARWAT,OVERALL,1388,341693,172957,168730,6,102.51,246.18,20.71,7.5,282890,3.21
LAKKI MARWAT,TEHSIL,LAKKI MARWAT,RURAL,,270934,137028,133901,5,102.34,,,7.7,223617,3.26
LAKKI MARWAT,TEHSIL,LAKKI MARWAT,URBAN,,70759,35929,34829,1,103.16,,,6.9,59273,3
SARAI NAURANG,TEHSIL,LAKKI MARWAT,OVERALL,623,333817,170070,163743,4,103.86,535.8200000000001,9.68,8.699999999999999,296870,1.98
SARAI NAURANG,TEHSIL,LAKKI MARWAT,RURAL,,301487,153787,147696,4,104.12,,,8.699999999999999,266891,2.06
SARAI NAURANG,TEHSIL,LAKKI MARWAT,URBAN,,32330,16283,16047,,101.47,,,8.6,29979,1.27
LOWER CHITRAL,DISTRICT,LOWER CHITRAL,OVERALL,6458,320407,163584,156823,,104.31,49.61,17.84,6.9,278328,2.38
LOWER CHITRAL,DISTRICT,LOWER CHITRAL,RURAL,,263250,134302,128948,,104.15,,,6.9,228548,2.39
LOWER CHITRAL,DISTRICT,LOWER CHITRAL,URBAN,,57157,29282,27875,,105.05,,,6.8,49780,2.34
CHITRAL,SUB-DIVISION,LOWER CHITRAL,OVERALL,6127,211374,107751,103623,,103.98,34.5,27.04,6.9,183178,2.42
CHITRAL,SUB-DIVISION,LOWER CHITRAL,RURAL,,154217,78469,75748,,103.59,,,6.9,133398,2.45
CHITRAL,SUB-DIVISION,LOWER CHITRAL,URBAN,,57157,29282,27875,,105.05,,,6.8,49780,2.34
DROSH,SUB-DIVISION,LOWER CHITRAL,OVERALL,331,109033,55833,53200,,104.95,329.4,,6.9,95150,2.3
DROSH,SUB-DIVISION,LOWER CHITRAL,RURAL,,109033,55833,53200,,104.95,,,6.9,95150,2.3
DROSH,SUB-DIVISION,LOWER CHITRAL,URBAN,,,,,,,,,,,
LOWER DIR,DISTRICT,LOWER DIR,OVERALL,1583,1650183,813551,836605,27,97.23999999999999,1042.44,2.9,8.1,1436082,2.35
LOWER DIR,DISTRICT,LOWER DIR,RURAL,,1602323,789132,813165,26,97.04000000000001,,,8.1,1395768,2.33
LOWER DIR,DISTRICT,LOWER DIR,URBAN,,47860,24419,23440,1,104.18,,,7.8,40314,2.91
ADENZAI,SUB-DIVISION,LOWER DIR,OVERALL,372,378915,192881,186027,7,103.68,1018.59,,7.7,317526,3
ADENZAI,SUB-DIVISION,LOWER DIR,RURAL,,378915,192881,186027,7,103.68,,,7.7,317526,3
ADENZAI,SUB-DIVISION,LOWER DIR,URBAN,,,,,,,,,,,
LAL QILA,SUB-DIVISION,LOWER DIR,OVERALL,216,247381,116967,130412,2,89.69,1145.28,,8.5,219567,2.01
LAL QILA,SUB-DIVISION,LOWER DIR,RURAL,,247381,116967,130412,2,89.69,,,8.5,219567,2.01
LAL QILA,SUB-DIVISION,LOWER DIR,URBAN,,,,,,,,,,,
SAMARBAGH,SUB-DIVISION,LOWER DIR,OVERALL,419,427714,211636,216069,9,97.95,1020.8,,8,378004,2.09
SAMARBAGH,SUB-DIVISION,LOWER DIR,RURAL,,427714,211636,216069,9,97.95,,,8,378004,2.09
SAMARBAGH,SUB-DIVISION,LOWER DIR,URBAN,,,,,,,,,,,
TEMERGARA,SUB-DIVISION,LOWER DIR,OVERALL,576,596173,292067,304097,9,96.04000000000001,1035.02,8.029999999999999,8.300000000000001,520985,2.28
TEMERGARA,SUB-DIVISION,LOWER DIR,RURAL,,548313,267648,280657,8,95.36,,,8.300000000000001,480671,2.22
TEMERGARA,SUB-DIVISION,LOWER DIR,URBAN,,47860,24419,23440,1,104.18,,,7.8,40314,2.91
LOWER KOHISTAN,DISTRICT,LOWER KOHISTAN,OVERALL,642,340017,173655,166351,11,104.39,529.62,0,6.4,202502,9.050000000000001
LOWER KOHISTAN,DISTRICT,LOWER KOHISTAN,RURAL,,340017,173655,166351,11,104.39,,,6.4,202502,9.050000000000001
LOWER KOHISTAN,DISTRICT,LOWER KOHISTAN,URBAN,,,,,,0,,,,,0
BANKAND RANOLIA,TEHSIL,LOWER KOHISTAN,OVERALL,331,205851,105162,100682,7,104.45,621.91,,7.4,56366,24.17
BANKAND RANOLIA,TEHSIL,LOWER KOHISTAN,RURAL,,205851,105162,100682,7,104.45,,,7.4,56366,24.17
BANKAND RANOLIA,TEHSIL,LOWER KOHISTAN,URBAN,,,,,,,,,,,
PATTAN,SUB-DIVISION,LOWER KOHISTAN,OVERALL,311,134166,68493,65669,4,104.3,431.4,,5.4,146136,-1.42
PATTAN,SUB-DIVISION,LOWER KOHISTAN,RURAL,,134166,68493,65669,4,104.3,,,5.4,146136,-1.42
PATTAN,SUB-DIVISION,LOWER KOHISTAN,URBAN,,,,,,,,,,,
MALAKAND,DISTRICT,MALAKAND,OVERALL,952,826250,422792,403446,12,104.8,867.91,8.9,7.3,717806,2.38
MALAKAND,DISTRICT,MALAKAND,RURAL,,752725,384443,368276,6,104.39,,,7.3,650120,2.48
MALAKAND,DISTRICT,MALAKAND,URBAN,,73525,38349,35170,6,109.04,,,7.1,67686,1.39
SAM RANI ZAI,SUB-DIVISION,MALAKAND,OVERALL,280,353291,180744,172544,3,104.75,1261.75,,7.2,303644,2.56
SAM RANI ZAI,SUB-DIVISION,MALAKAND,RURAL,,353291,180744,172544,3,104.75,,,7.2,303644,2.56
SAM RANI ZAI,SUB-DIVISION,MALAKAND,URBAN,,,,,,,,,,,
SWAT RANI ZAI,SUB-DIVISION,MALAKAND,OVERALL,672,472959,242048,230902,9,104.83,703.8099999999999,15.55,7.3,414162,2.24
SWAT RANI ZAI,SUB-DIVISION,MALAKAND,RURAL,,399434,203699,195732,3,104.07,,,7.3,346476,2.41
SWAT RANI ZAI,SUB-DIVISION,MALAKAND,URBAN,,73525,38349,35170,6,109.04,,,7.1,67686,1.39
MANSEHRA,DISTRICT,MANSEHRA,OVERALL,4125,1797177,912164,884906,107,103.08,435.68,8.619999999999999,6.1,1555742,2.44
MANSEHRA,DISTRICT,MANSEHRA,RURAL,,1642343,832604,809696,43,102.83,,,6.1,1410844,2.57
MANSEHRA,DISTRICT,MANSEHRA,URBAN,,154834,79560,75210,64,105.78,,,5.8,144898,1.11
BAFFA PAKHAL,TEHSIL,MANSEHRA,OVERALL,640,460090,235148,224927,15,104.54,718.89,3.82,6,406183,2.1
BAFFA PAKHAL,TEHSIL,MANSEHRA,RURAL,,442534,226041,216480,13,104.42,,,6,388930,2.18
BAFFA PAKHAL,TEHSIL,MANSEHRA,URBAN,,17556,9107,8447,2,107.81,,,6,17253,.29
BALAKOT,TEHSIL,MANSEHRA,OVERALL,2376,310339,157244,153078,17,102.72,130.61,,5.7,273257,2.15
BALAKOT,TEHSIL,MANSEHRA,RURAL,,310339,157244,153078,17,102.72,,,5.7,273257,2.15
BALAKOT,TEHSIL,MANSEHRA,URBAN,,,,,,,,,,,
DARBAND,TEHSIL,MANSEHRA,OVERALL,102,51702,24989,26712,1,93.55,506.88,,6.7,49503,.73
DARBAND,TEHSIL,MANSEHRA,RURAL,,51702,24989,26712,1,93.55,,,6.7,49503,.73
DARBAND,TEHSIL,MANSEHRA,URBAN,,,,,,,,,,,
MANSEHRA,TEHSIL,MANSEHRA,OVERALL,700,723325,370301,352956,68,104.91,1033.32,18.98,6,611338,2.85
MANSEHRA,TEHSIL,MANSEHRA,RURAL,,586047,299848,286193,6,104.77,,,6.1,483693,3.26
MANSEHRA,TEHSIL,MANSEHRA,URBAN,,137278,70453,66763,62,105.53,,,5.8,127645,1.22
OGHI,TEHSIL,MANSEHRA,OVERALL,307,251721,124482,127233,6,97.84,819.9400000000001,,6.7,215461,2.63
OGHI,TEHSIL,MANSEHRA,RURAL,,251721,124482,127233,6,97.84,,,6.7,215461,2.63
OGHI,TEHSIL,MANSEHRA,URBAN,,,,,,,,,,,
MARDAN,DISTRICT,MARDAN,OVERALL,1632,2744898,1408776,1336069,53,105.44,1681.92,16.52,6.8,2373399,2.46
MARDAN,DISTRICT,MARDAN,RURAL,,2291556,1174376,1117161,19,105.12,,,6.8,1933177,2.88
MARDAN,DISTRICT,MARDAN,URBAN,,453342,234400,218908,34,107.08,,,6.6,440222,.49
GHARI KAPOORA,TEHSIL,MARDAN,OVERALL,143,319465,162366,157095,4,103.36,2234.02,,6.5,266290,3.09
GHARI KAPOORA,TEHSIL,MARDAN,RURAL,,319465,162366,157095,4,103.36,,,6.5,266290,3.09
GHARI KAPOORA,TEHSIL,MARDAN,URBAN,,,,,,,,,,,
KATLANG,TEHSIL,MARDAN,OVERALL,422,377535,192667,184867,1,104.22,894.63,,7.4,316506,2.99
KATLANG,TEHSIL,MARDAN,RURAL,,377535,192667,184867,1,104.22,,,7.4,316506,2.99
KATLANG,TEHSIL,MARDAN,URBAN,,,,,,,,,,,
MARDAN,TEHSIL,MARDAN,OVERALL,335,1040893,539513,501340,40,107.61,3107.14,35.38,6.8,921581,2.06
MARDAN,TEHSIL,MARDAN,RURAL,,672591,348322,324263,6,107.42,,,6.8,562557,3.03
MARDAN,TEHSIL,MARDAN,URBAN,,368302,191191,177077,34,107.97,,,6.7,359024,.43
RUSTAM,TEHSIL,MARDAN,OVERALL,379,279527,140896,138629,2,101.64,737.54,,6.8,241850,2.45
RUSTAM,TEHSIL,MARDAN,RURAL,,279527,140896,138629,2,101.64,,,6.8,241850,2.45
RUSTAM,TEHSIL,MARDAN,URBAN,,,,,,,,,,,
TAKHT BHAI,TEHSIL,MARDAN,OVERALL,353,727478,373334,354138,6,105.42,2060.84,11.69,6.7,627172,2.51
TAKHT BHAI,TEHSIL,MARDAN,RURAL,,642438,330125,312307,6,105.71,,,6.7,545974,2.76
TAKHT BHAI,TEHSIL,MARDAN,URBAN,,85040,43209,41831,,103.29,,,6.3,81198,.78
MOHMAND,DISTRICT,MOHMAND,OVERALL,2296,553933,281384,272543,6,103.24,241.26,0,8.6,474345,2.63
MOHMAND,DISTRICT,MOHMAND,RURAL,,553933,281384,272543,6,103.24,,,8.6,474345,2.63
MOHMAND,DISTRICT,MOHMAND,URBAN,,,,,,0,,,,,0
AMBAR UTMAN KHEL,TEHSIL,MOHMAND,OVERALL,273,79455,40383,39071,1,103.36,291.04,,7.9,61951,4.25
AMBAR UTMAN KHEL,TEHSIL,MOHMAND,RURAL,,79455,40383,39071,1,103.36,,,7.9,61951,4.25
AMBAR UTMAN KHEL,TEHSIL,MOHMAND,URBAN,,,,,,,,,,,
HALIM ZAI,TEHSIL,MOHMAND,OVERALL,211,89149,45215,43933,1,102.92,422.51,,8.699999999999999,78705,2.1
HALIM ZAI,TEHSIL,MOHMAND,RURAL,,89149,45215,43933,1,102.92,,,8.699999999999999,78705,2.1
HALIM ZAI,TEHSIL,MOHMAND,URBAN,,,,,,,,,,,
PINDIALI,TEHSIL,MOHMAND,OVERALL,454,112247,57329,54916,2,104.39,247.24,,8.4,89711,3.82
PINDIALI,TEHSIL,MOHMAND,RURAL,,112247,57329,54916,2,104.39,,,8.4,89711,3.82
PINDIALI,TEHSIL,MOHMAND,URBAN,,,,,,,,,,,
PRANG GHAR,TEHSIL,MOHMAND,OVERALL,257,36046,17927,18119,,98.94,140.26,,8.4,36569,-.24
PRANG GHAR,TEHSIL,MOHMAND,RURAL,,36046,17927,18119,,98.94,,,8.4,36569,-.24
PRANG GHAR,TEHSIL,MOHMAND,URBAN,,,,,,,,,,,
SAFI,TEHSIL,MOHMAND,OVERALL,322,109620,56361,53257,2,105.83,340.43,,10.4,98501,1.8
SAFI,TEHSIL,MOHMAND,RURAL,,109620,56361,53257,2,105.83,,,10.4,98501,1.8
SAFI,TEHSIL,MOHMAND,URBAN,,,,,,,,,,,
UPPER MOHMAND,TEHSIL,MOHMAND,OVERALL,513,63659,31906,31753,,100.48,124.09,,8.699999999999999,51154,3.72
UPPER MOHMAND,TEHSIL,MOHMAND,RURAL,,63659,31906,31753,,100.48,,,8.699999999999999,51154,3.72
UPPER MOHMAND,TEHSIL,MOHMAND,URBAN,,,,,,,,,,,
YAKE GHUND,TEHSIL,MOHMAND,OVERALL,266,63757,32263,31494,,102.44,239.69,,7.6,57754,1.67
YAKE GHUND,TEHSIL,MOHMAND,RURAL,,63757,32263,31494,,102.44,,,7.6,57754,1.67
YAKE GHUND,TEHSIL,MOHMAND,URBAN,,,,,,,,,,,
NORTH WAZIRISTAN,DISTRICT,NORTH WAZIRISTAN,OVERALL,4707,693332,354636,338681,15,104.71,147.3,.6,6.9,540546,4.25
NORTH WAZIRISTAN,DISTRICT,NORTH WAZIRISTAN,RURAL,,689201,352371,336816,14,104.62,,,6.9,536182,4.29
NORTH WAZIRISTAN,DISTRICT,NORTH WAZIRISTAN,URBAN,,4131,2265,1865,1,121.45,,,6.7,4364,-.91
DATTA KHEL,TEHSIL,NORTH WAZIRISTAN,OVERALL,1807,92196,46219,45976,1,100.53,51.02,,6.2,75003,3.51
DATTA KHEL,TEHSIL,NORTH WAZIRISTAN,RURAL,,92196,46219,45976,1,100.53,,,6.2,75003,3.51
DATTA KHEL,TEHSIL,NORTH WAZIRISTAN,URBAN,,,,,,,,,,,
DOSSALI,TEHSIL,NORTH WAZIRISTAN,OVERALL,250,50524,25298,25226,,100.29,202.1,,6.6,39945,4
DOSSALI,TEHSIL,NORTH WAZIRISTAN,RURAL,,50524,25298,25226,,100.29,,,6.6,39945,4
DOSSALI,TEHSIL,NORTH WAZIRISTAN,URBAN,,,,,,,,,,,
GHARYUM,TEHSIL,NORTH WAZIRISTAN,OVERALL,320,18931,9559,9371,1,102.01,59.16,,9.5,11811,8.199999999999999
GHARYUM,TEHSIL,NORTH WAZIRISTAN,RURAL,,18931,9559,9371,1,102.01,,,9.5,11811,8.199999999999999
GHARYUM,TEHSIL,NORTH WAZIRISTAN,URBAN,,,,,,,,,,,
GHULAM KHAN,TEHSIL,NORTH WAZIRISTAN,OVERALL,191,31015,15455,15559,1,99.33,162.38,,9.800000000000001,27015,2.33
GHULAM KHAN,TEHSIL,NORTH WAZIRISTAN,RURAL,,31015,15455,15559,1,99.33,,,9.800000000000001,27015,2.33
GHULAM KHAN,TEHSIL,NORTH WAZIRISTAN,URBAN,,,,,,,,,,,
MIR ALI,TEHSIL,NORTH WAZIRISTAN,OVERALL,605,229647,119081,110563,3,107.7,379.58,,6.6,184986,3.68
MIR ALI,TEHSIL,NORTH WAZIRISTAN,RURAL,,229647,119081,110563,3,107.7,,,6.6,184986,3.68
MIR ALI,TEHSIL,NORTH WAZIRISTAN,URBAN,,,,,,,,,,,
MIRAN SHAH,TEHSIL,NORTH WAZIRISTAN,OVERALL,402,123317,62274,61041,2,102.02,306.76,3.35,6.4,100644,3.45
MIRAN SHAH,TEHSIL,NORTH WAZIRISTAN,RURAL,,119186,60009,59176,1,101.41,,,6.4,96280,3.63
MIRAN SHAH,TEHSIL,NORTH WAZIRISTAN,URBAN,,4131,2265,1865,1,121.45,,,6.7,4364,-.91
RAZMAK,TEHSIL,NORTH WAZIRISTAN,OVERALL,191,49367,28325,21039,3,134.63,258.47,,14.1,15681,21.13
RAZMAK,TEHSIL,NORTH WAZIRISTAN,RURAL,,49367,28325,21039,3,134.63,,,14.1,15681,21.13
RAZMAK,TEHSIL,NORTH WAZIRISTAN,URBAN,,,,,,,,,,,
SHEWA,TEHSIL,NORTH WAZIRISTAN,OVERALL,393,44126,21346,22779,1,93.70999999999999,112.28,,5.7,39290,1.96
SHEWA,TEHSIL,NORTH WAZIRISTAN,RURAL,,44126,21346,22779,1,93.70999999999999,,,5.7,39290,1.96
SHEWA,TEHSIL,NORTH WAZIRISTAN,URBAN,,,,,,,,,,,
SPINWAM,TEHSIL,NORTH WAZIRISTAN,OVERALL,548,54209,27079,27127,3,99.81999999999999,98.92,,7.1,46171,2.72
SPINWAM,TEHSIL,NORTH WAZIRISTAN,RURAL,,54209,27079,27127,3,99.81999999999999,,,7.1,46171,2.72
SPINWAM,TEHSIL,NORTH WAZIRISTAN,URBAN,,,,,,,,,,,
NOWSHERA,DISTRICT,NOWSHERA,OVERALL,1748,1740705,886471,854184,50,103.78,995.83,19.64,6.7,1520995,2.28
NOWSHERA,DISTRICT,NOWSHERA,RURAL,,1398746,708185,690543,18,102.55,,,6.7,1181460,2.86
NOWSHERA,DISTRICT,NOWSHERA,URBAN,,341959,178286,163641,32,108.95,,,6.4,339535,.12
JEHANGIRA,TEHSIL,NOWSHERA,OVERALL,718,434984,218271,216708,5,100.72,605.83,19.95,6.5,353764,3.51
JEHANGIRA,TEHSIL,NOWSHERA,RURAL,,348223,174756,173463,4,100.75,,,6.7,267642,4.5
JEHANGIRA,TEHSIL,NOWSHERA,URBAN,,86761,43515,43245,1,100.62,,,5.9,86122,.12
NOWSHERA,TEHSIL,NOWSHERA,OVERALL,679,796226,410417,385772,37,106.39,1172.65,25.43,6.8,728815,1.49
NOWSHERA,TEHSIL,NOWSHERA,RURAL,,593729,302272,291449,8,103.71,,,6.9,530772,1.89
NOWSHERA,TEHSIL,NOWSHERA,URBAN,,202497,108145,94323,29,114.65,,,6.6,198043,.37
PABBI,TEHSIL,NOWSHERA,OVERALL,351,509495,257783,251704,8,102.42,1451.55,10.34,6.5,438416,2.54
PABBI,TEHSIL,NOWSHERA,RURAL,,456794,231157,225631,6,102.45,,,6.5,383046,2.99
PABBI,TEHSIL,NOWSHERA,URBAN,,52701,26626,26073,2,102.12,,,6.3,55370,-.82
ORAKZAI,DISTRICT,ORAKZAI,OVERALL,1538,387561,204870,182684,7,112.14,251.99,0,7.4,254303,7.3
ORAKZAI,DISTRICT,ORAKZAI,RURAL,,387561,204870,182684,7,112.14,,,7.4,254303,7.3
ORAKZAI,DISTRICT,ORAKZAI,URBAN,,,,,,0,,,,,0
CENTRAL,TEHSIL,ORAKZAI,OVERALL,399,92819,48953,43864,2,111.6,232.63,,7.8,59132,7.83
CENTRAL,TEHSIL,ORAKZAI,RURAL,,92819,48953,43864,2,111.6,,,7.8,59132,7.83
CENTRAL,TEHSIL,ORAKZAI,URBAN,,,,,,,,,,,
ISMAIL ZAI,TEHSIL,ORAKZAI,OVERALL,275,39328,20403,18925,,107.81,143.01,,7,23963,8.630000000000001
ISMAIL ZAI,TEHSIL,ORAKZAI,RURAL,,39328,20403,18925,,107.81,,,7,23963,8.630000000000001
ISMAIL ZAI,TEHSIL,ORAKZAI,URBAN,,,,,,,,,,,
LOWER,TEHSIL,ORAKZAI,OVERALL,565,125944,65308,60635,1,107.71,222.91,,7.4,107323,2.71
LOWER,TEHSIL,ORAKZAI,RURAL,,125944,65308,60635,1,107.71,,,7.4,107323,2.71
LOWER,TEHSIL,ORAKZAI,URBAN,,,,,,,,,,,
UPPER,TEHSIL,ORAKZAI,OVERALL,299,129470,70206,59260,4,118.47,433.01,,7.2,63885,12.53
UPPER,TEHSIL,ORAKZAI,RURAL,,129470,70206,59260,4,118.47,,,7.2,63885,12.53
UPPER,TEHSIL,ORAKZAI,URBAN,,,,,,,,,,,
PESHAWAR,DISTRICT,PESHAWAR,OVERALL,1518,4758762,2425808,2332767,187,103.99,3134.89,40.05,6.8,4331959,1.58
PESHAWAR,DISTRICT,PESHAWAR,RURAL,,2852787,1445832,1406925,30,102.77,,,6.8,2362136,3.2
PESHAWAR,DISTRICT,PESHAWAR,URBAN,,1905975,979976,925842,157,105.85,,,6.9,1969823,-.55
BADHBER,TEHSIL,PESHAWAR,OVERALL,357,439912,223006,216904,2,102.81,1232.25,,7.2,384916,2.26
BADHBER,TEHSIL,PESHAWAR,RURAL,,439912,223006,216904,2,102.81,,,7.2,384916,2.26
BADHBER,TEHSIL,PESHAWAR,URBAN,,,,,,,,,,,
CHAM KANI,TEHSIL,PESHAWAR,OVERALL,226,624354,315688,308654,12,102.28,2762.63,,6.3,461177,5.19
CHAM KANI,TEHSIL,PESHAWAR,RURAL,,624354,315688,308654,12,102.28,,,6.3,461177,5.19
CHAM KANI,TEHSIL,PESHAWAR,URBAN,,,,,,,,,,,
HASSAN KHEL,SUB-DIVISION,PESHAWAR,OVERALL,261,72557,35697,36860,,96.84,278,,7.4,64761,1.92
HASSAN KHEL,SUB-DIVISION,PESHAWAR,RURAL,,72557,35697,36860,,96.84,,,7.4,64761,1.92
HASSAN KHEL,SUB-DIVISION,PESHAWAR,URBAN,,,,,,,,,,,
MATHRA,TEHSIL,PESHAWAR,OVERALL,218,495059,249829,245223,7,101.88,2270.91,,7.2,408190,3.28
MATHRA,TEHSIL,PESHAWAR,RURAL,,495059,249829,245223,7,101.88,,,7.2,408190,3.28
MATHRA,TEHSIL,PESHAWAR,URBAN,,,,,,,,,,,
PESHAWAR,TEHSIL,PESHAWAR,OVERALL,176,2113596,1086408,1027029,159,105.78,12009.07,90.18000000000001,6.9,2183787,-.54
PESHAWAR,TEHSIL,PESHAWAR,RURAL,,207621,106432,101187,2,105.18,,,7,213964,-.5
PESHAWAR,TEHSIL,PESHAWAR,URBAN,,1905975,979976,925842,157,105.85,,,6.9,1969823,-.55
PISHTA KHARA,TEHSIL,PESHAWAR,OVERALL,135,480436,243992,236438,6,103.19,3558.79,,6.7,406984,2.81
PISHTA KHARA,TEHSIL,PESHAWAR,RURAL,,480436,243992,236438,6,103.19,,,6.7,406984,2.81
PISHTA KHARA,TEHSIL,PESHAWAR,URBAN,,,,,,,,,,,
SHAH ALAM,TEHSIL,PESHAWAR,OVERALL,145,532848,271188,261659,1,103.64,3674.81,,6.8,422144,3.97
SHAH ALAM,TEHSIL,PESHAWAR,RURAL,,532848,271188,261659,1,103.64,,,6.8,422144,3.97
SHAH ALAM,TEHSIL,PESHAWAR,URBAN,,,,,,,,,,,
SHANGLA,DISTRICT,SHANGLA,OVERALL,1586,891252,459965,431281,6,106.65,561.95,0,7,759609,2.71
SHANGLA,DISTRICT,SHANGLA,RURAL,,891252,459965,431281,6,106.65,,,7,759609,2.71
SHANGLA,DISTRICT,SHANGLA,URBAN,,,,,,0,,,,,0
ALPURI,TEHSIL,SHANGLA,OVERALL,582,366772,189265,177504,3,106.63,630.1900000000001,,7,307333,3
ALPURI,TEHSIL,SHANGLA,RURAL,,366772,189265,177504,3,106.63,,,7,307333,3
ALPURI,TEHSIL,SHANGLA,URBAN,,,,,,,,,,,
BISHAM,TEHSIL,SHANGLA,OVERALL,184,121279,62067,59211,1,104.82,659.13,,6.6,105950,2.28
BISHAM,TEHSIL,SHANGLA,RURAL,,121279,62067,59211,1,104.82,,,6.6,105950,2.28
BISHAM,TEHSIL,SHANGLA,URBAN,,,,,,,,,,,
CHAKISAR,TEHSIL,SHANGLA,OVERALL,335,128238,65314,62923,1,103.8,382.8,,7.3,110785,2.48
CHAKISAR,TEHSIL,SHANGLA,RURAL,,128238,65314,62923,1,103.8,,,7.3,110785,2.48
CHAKISAR,TEHSIL,SHANGLA,URBAN,,,,,,,,,,,
MARTUNG,TEHSIL,SHANGLA,OVERALL,188,103205,53427,49777,1,107.33,548.96,,8.5,90243,2.27
MARTUNG,TEHSIL,SHANGLA,RURAL,,103205,53427,49777,1,107.33,,,8.5,90243,2.27
MARTUNG,TEHSIL,SHANGLA,URBAN,,,,,,,,,,,
PURAN,TEHSIL,SHANGLA,OVERALL,297,171758,89892,81866,,109.8,578.3099999999999,,6.7,145298,2.84
PURAN,TEHSIL,SHANGLA,RURAL,,171758,89892,81866,,109.8,,,6.7,145298,2.84
PURAN,TEHSIL,SHANGLA,URBAN,,,,,,,,,,,
SOUTH WAZIRISTAN,DISTRICT,SOUTH WAZIRISTAN,OVERALL,6620,888675,459531,429130,14,107.08,134.24,0,4.9,675215,4.7
SOUTH WAZIRISTAN,DISTRICT,SOUTH WAZIRISTAN,RURAL,,888675,459531,429130,14,107.08,,,4.9,675215,4.7
SOUTH WAZIRISTAN,DISTRICT,SOUTH WAZIRISTAN,URBAN,,,,,,0,,,,,0
BIRMIL,TEHSIL,SOUTH WAZIRISTAN,OVERALL,923,112757,56388,56368,1,100.04,122.16,,5.7,104282,1.31
BIRMIL,TEHSIL,SOUTH WAZIRISTAN,RURAL,,112757,56388,56368,1,100.04,,,5.7,104282,1.31
BIRMIL,TEHSIL,SOUTH WAZIRISTAN,URBAN,,,,,,,,,,,
LADHA,TEHSIL,SOUTH WAZIRISTAN,OVERALL,289,108344,56820,51521,3,110.29,374.89,,4.5,77883,5.67
LADHA,TEHSIL,SOUTH WAZIRISTAN,RURAL,,108344,56820,51521,3,110.29,,,4.5,77883,5.67
LADHA,TEHSIL,SOUTH WAZIRISTAN,URBAN,,,,,,,,,,,
MAKIN,TEHSIL,SOUTH WAZIRISTAN,OVERALL,404,66042,35905,30135,2,119.15,163.47,,4.9,58646,2
MAKIN,TEHSIL,SOUTH WAZIRISTAN,RURAL,,66042,35905,30135,2,119.15,,,4.9,58646,2
MAKIN,TEHSIL,SOUTH WAZIRISTAN,URBAN,,,,,,,,,,,
SARAROGHA,TEHSIL,SOUTH WAZIRISTAN,OVERALL,813,145118,75860,69256,2,109.54,178.5,,4.5,98180,6.75
SARAROGHA,TEHSIL,SOUTH WAZIRISTAN,RURAL,,145118,75860,69256,2,109.54,,,4.5,98180,6.75
SARAROGHA,TEHSIL,SOUTH WAZIRISTAN,URBAN,,,,,,,,,,,
SERWEKAI,TEHSIL,SOUTH WAZIRISTAN,OVERALL,398,58804,30136,28667,1,105.12,147.75,,4.7,54540,1.27
SERWEKAI,TEHSIL,SOUTH WAZIRISTAN,RURAL,,58804,30136,28667,1,105.12,,,4.7,54540,1.27
SERWEKAI,TEHSIL,SOUTH WAZIRISTAN,URBAN,,,,,,,,,,,
SHAKTOI,TEHSIL,SOUTH WAZIRISTAN,OVERALL,177,44332,23152,21180,,109.31,250.46,,5,32959,5.08
SHAKTOI,TEHSIL,SOUTH WAZIRISTAN,RURAL,,44332,23152,21180,,109.31,,,5,32959,5.08
SHAKTOI,TEHSIL,SOUTH WAZIRISTAN,URBAN,,,,,,,,,,,
TIARZA,TEHSIL,SOUTH WAZIRISTAN,OVERALL,734,65798,34896,30902,,112.92,89.64,,4.4,45156,6.49
TIARZA,TEHSIL,SOUTH WAZIRISTAN,RURAL,,65798,34896,30902,,112.92,,,4.4,45156,6.49
TIARZA,TEHSIL,SOUTH WAZIRISTAN,URBAN,,,,,,,,,,,
TOI KHULLA,TEHSIL,SOUTH WAZIRISTAN,OVERALL,567,102835,53706,49127,2,109.32,181.37,,5,50413,12.65
TOI KHULLA,TEHSIL,SOUTH WAZIRISTAN,RURAL,,102835,53706,49127,2,109.32,,,5,50413,12.65
TOI KHULLA,TEHSIL,SOUTH WAZIRISTAN,URBAN,,,,,,,,,,,
WANA,TEHSIL,SOUTH WAZIRISTAN,OVERALL,2315,184645,92668,91974,3,100.75,79.76000000000001,,5.5,153156,3.17
WANA,TEHSIL,SOUTH WAZIRISTAN,RURAL,,184645,92668,91974,3,100.75,,,5.5,153156,3.17
WANA,TEHSIL,SOUTH WAZIRISTAN,URBAN,,,,,,,,,,,
SWABI,DISTRICT,SWABI,OVERALL,1543,1894600,959045,935520,35,102.51,1227.87,17.93,6.7,1625477,2.59
SWABI,DISTRICT,SWABI,RURAL,,1554930,787528,767383,19,102.63,,,6.7,1349513,2.4
SWABI,DISTRICT,SWABI,URBAN,,339670,171517,168137,16,102.01,,,6.8,275964,3.53
LAHOR,TEHSIL,SWABI,OVERALL,318,354383,180753,173627,3,104.1,1114.41,13.07,6.6,305782,2.5
LAHOR,TEHSIL,SWABI,RURAL,,308063,157438,150622,3,104.53,,,6.6,264463,2.58
LAHOR,TEHSIL,SWABI,URBAN,,46320,23315,23005,,101.35,,,6.7,41319,1.93
RAZAR,TEHSIL,SWABI,OVERALL,418,682303,348175,334119,9,104.21,1632.3,4.07,6.9,584876,2.61
RAZAR,TEHSIL,SWABI,RURAL,,654516,333981,320526,9,104.2,,,6.9,558662,2.68
RAZAR,TEHSIL,SWABI,URBAN,,27787,14194,13593,,104.42,,,6.6,26214,.98
SWABI,TEHSIL,SWABI,OVERALL,389,475352,236627,238705,20,99.13,1221.98,40.12,7,406321,2.66
SWABI,TEHSIL,SWABI,RURAL,,284656,141274,143378,4,98.53,,,6.9,250916,2.13
SWABI,TEHSIL,SWABI,URBAN,,190696,95353,95327,16,100.03,,,7.2,155405,3.48
TOPI,TEHSIL,SWABI,OVERALL,418,382562,193490,189069,3,102.34,915.22,19.57,6.4,328498,2.58
TOPI,TEHSIL,SWABI,RURAL,,307695,154835,152857,3,101.29,,,6.4,275472,1.87
TOPI,TEHSIL,SWABI,URBAN,,74867,38655,36212,,106.75,,,6.2,53026,5.93
SWAT,DISTRICT,SWAT,OVERALL,5337,2687384,1375358,1311939,87,104.83,503.54,29.56,7,2308624,2.57
SWAT,DISTRICT,SWAT,RURAL,,1893016,964822,928166,28,103.95,,,7.1,1612803,2.71
SWAT,DISTRICT,SWAT,URBAN,,794368,410536,383773,59,106.97,,,6.7,695821,2.24
BABUZAI,TEHSIL,SWAT,OVERALL,297,696697,362980,333670,47,108.78,2345.78,51.83,6.6,599324,2.55
BABUZAI,TEHSIL,SWAT,RURAL,,335585,174163,161421,1,107.89,,,6.7,267947,3.83
BABUZAI,TEHSIL,SWAT,URBAN,,361112,188817,172249,46,109.62,,,6.5,331377,1.45
BARIKOT,TEHSIL,SWAT,OVERALL,419,220148,110734,109412,2,101.21,525.41,52.26,7,183777,3.06
BARIKOT,TEHSIL,SWAT,RURAL,,105103,53845,51258,,105.05,,,7.5,89758,2.67
BARIKOT,TEHSIL,SWAT,URBAN,,115045,56889,58154,2,97.81999999999999,,,6.6,94019,3.43
BEHRAIN,TEHSIL,SWAT,OVERALL,2899,270623,139433,131184,6,106.29,93.34999999999999,28.35,7.1,248422,1.44
BEHRAIN,TEHSIL,SWAT,RURAL,,193895,100467,93424,4,107.54,,,7.1,186533,.65
BEHRAIN,TEHSIL,SWAT,URBAN,,76728,38966,37760,2,103.19,,,7.2,61889,3.66
CHARBAGH,TEHSIL,SWAT,OVERALL,161,159358,82185,77172,1,106.5,989.8,,7.1,126001,4
CHARBAGH,TEHSIL,SWAT,RURAL,,159358,82185,77172,1,106.5,,,7.1,126001,4
CHARBAGH,TEHSIL,SWAT,URBAN,,,,,,,,,,,
KABAL,TEHSIL,SWAT,OVERALL,485,480827,246084,234736,7,104.83,991.4,27.57,6.9,420001,2.29
KABAL,TEHSIL,SWAT,RURAL,,348278,176484,171791,3,102.73,,,7,302028,2.41
KABAL,TEHSIL,SWAT,URBAN,,132549,69600,62945,4,110.57,,,6.6,117973,1.97
KHAWAZAKHELA,TEHSIL,SWAT,OVERALL,392,307300,154437,152846,17,101.04,783.93,18.59,7.2,265500,2.47
KHAWAZAKHELA,TEHSIL,SWAT,RURAL,,250187,124715,125459,13,99.41,,,7.2,217484,2.37
KHAWAZAKHELA,TEHSIL,SWAT,URBAN,,57113,29722,27387,4,108.53,,,7,48016,2.94
MATTA,TEHSIL,SWAT,OVERALL,684,552431,279505,272919,7,102.41,807.65,9.380000000000001,7.5,465599,2.9
MATTA,TEHSIL,SWAT,RURAL,,500610,252963,247641,6,102.15,,,7.5,423052,2.85
MATTA,TEHSIL,SWAT,URBAN,,51821,26542,25278,1,105,,,7.4,42547,3.35
TANK,DISTRICT,TANK,OVERALL,2900,470293,241589,228703,1,105.63,162.17,10.46,6.6,427044,1.63
TANK,DISTRICT,TANK,RURAL,,421121,215541,205579,1,104.85,,,6.6,379980,1.73
TANK,DISTRICT,TANK,URBAN,,49172,26048,23124,,112.64,,,6.7,47064,.73
JANDOLA,SUB-DIVISION,TANK,OVERALL,1221,44794,22938,21856,,104.95,36.69,,6.3,36418,3.52
JANDOLA,SUB-DIVISION,TANK,RURAL,,44794,22938,21856,,104.95,,,6.3,36418,3.52
JANDOLA,SUB-DIVISION,TANK,URBAN,,,,,,,,,,,
TANK,TEHSIL,TANK,OVERALL,1679,425499,218651,206847,1,105.71,253.42,11.56,6.7,390626,1.44
TANK,TEHSIL,TANK,RURAL,,376327,192603,183723,1,104.83,,,6.6,343562,1.53
TANK,TEHSIL,TANK,URBAN,,49172,26048,23124,,112.64,,,6.7,47064,.73
TORGHAR,DISTRICT,TORGHAR,OVERALL,454,200445,102160,98281,4,103.95,441.51,0,6.8,171349,2.66
TORGHAR,DISTRICT,TORGHAR,RURAL,,200445,102160,98281,4,103.95,,,6.8,171349,2.66
TORGHAR,DISTRICT,TORGHAR,URBAN,,,,,,0,,,,,0
DAUR MERA,TEHSIL,TORGHAR,OVERALL,86,50503,25936,24565,2,105.58,587.24,,6.8,41661,3.27
DAUR MERA,TEHSIL,TORGHAR,RURAL,,50503,25936,24565,2,105.58,,,6.8,41661,3.27
DAUR MERA,TEHSIL,TORGHAR,URBAN,,,,,,,,,,,
JUDBA,TEHSIL,TORGHAR,OVERALL,63,63083,32095,30987,1,103.58,1001.32,,7.4,57745,1.49
JUDBA,TEHSIL,TORGHAR,RURAL,,63083,32095,30987,1,103.58,,,7.4,57745,1.49
JUDBA,TEHSIL,TORGHAR,URBAN,,,,,,,,,,,
KHANDER,TEHSIL,TORGHAR,OVERALL,305,86859,44129,42729,1,103.28,284.78,,6.4,71943,3.2
KHANDER,TEHSIL,TORGHAR,RURAL,,86859,44129,42729,1,103.28,,,6.4,71943,3.2
KHANDER,TEHSIL,TORGHAR,URBAN,,,,,,,,,,,
UPPER CHITRAL,DISTRICT,UPPER CHITRAL,OVERALL,8392,195528,100495,95033,,105.75,23.3,0,7.4,169297,2.44
UPPER CHITRAL,DISTRICT,UPPER CHITRAL,RURAL,,195528,100495,95033,,105.75,,,7.4,169297,2.44
UPPER CHITRAL,DISTRICT,UPPER CHITRAL,URBAN,,,,,,0,,,,,0
MASTUJ,SUB-DIVISION,UPPER CHITRAL,OVERALL,8392,195528,100495,95033,,105.75,23.3,,7.4,169297,2.44
MASTUJ,SUB-DIVISION,UPPER CHITRAL,RURAL,,195528,100495,95033,,105.75,,,7.4,169297,2.44
MASTUJ,SUB-DIVISION,UPPER CHITRAL,URBAN,,,,,,,,,,,
UPPER DIR,DISTRICT,UPPER DIR,OVERALL,3699,1083566,537290,546264,12,98.36,292.93,4.42,7.2,947401,2.27
UPPER DIR,DISTRICT,UPPER DIR,RURAL,,1035724,512983,522730,11,98.14,,,7.2,903301,2.31
UPPER DIR,DISTRICT,UPPER DIR,URBAN,,47842,24307,23534,1,103.28,,,7.2,44100,1.37
DIR,SUB-DIVISION,UPPER DIR,OVERALL,1012,384667,191767,192895,5,99.42,380.11,12.44,7.5,335029,2.34
DIR,SUB-DIVISION,UPPER DIR,RURAL,,336825,167460,169361,4,98.88,,,7.6,290929,2.48
DIR,SUB-DIVISION,UPPER DIR,URBAN,,47842,24307,23534,1,103.28,,,7.2,44100,1.37
LARJUM,SUB-DIVISION,UPPER DIR,OVERALL,1039,119396,59975,59418,3,100.94,114.91,,7.2,104496,2.25
LARJUM,SUB-DIVISION,UPPER DIR,RURAL,,119396,59975,59418,3,100.94,,,7.2,104496,2.25
LARJUM,SUB-DIVISION,UPPER DIR,URBAN,,,,,,,,,,,
SHARINGAL,SUB-DIVISION,UPPER DIR,OVERALL,1140,210356,105129,105227,,99.91,184.52,,6.8,185121,2.16
SHARINGAL,SUB-DIVISION,UPPER DIR,RURAL,,210356,105129,105227,,99.91,,,6.8,185121,2.16
SHARINGAL,SUB-DIVISION,UPPER DIR,URBAN,,,,,,,,,,,
WARI,SUB-DIVISION,UPPER DIR,OVERALL,508,369147,180419,188724,4,95.59999999999999,726.67,,7.1,322755,2.27
WARI,SUB-DIVISION,UPPER DIR,RURAL,,369147,180419,188724,4,95.59999999999999,,,7.1,322755,2.27
WARI,SUB-DIVISION,UPPER DIR,URBAN,,,,,,,,,,,
UPPER KOHISTAN,DISTRICT,UPPER KOHISTAN,OVERALL,5440,422947,216184,206759,4,104.56,77.75,0,5.9,307286,5.48
UPPER KOHISTAN,DISTRICT,UPPER KOHISTAN,RURAL,,422947,216184,206759,4,104.56,,,5.9,307286,5.48
UPPER KOHISTAN,DISTRICT,UPPER KOHISTAN,URBAN,,,,,,0,,,,,0
DASSU,SUB-DIVISION,UPPER KOHISTAN,OVERALL,1958,148914,76902,72011,1,106.79,76.05,,5.8,124374,3.06
DASSU,SUB-DIVISION,UPPER KOHISTAN,RURAL,,148914,76902,72011,1,106.79,,,5.8,124374,3.06
DASSU,SUB-DIVISION,UPPER KOHISTAN,URBAN,,,,,,,,,,,
HARBAN BHASHA,TEHSIL,UPPER KOHISTAN,OVERALL,1298,49244,22901,26342,1,86.94,37.94,,6.8,32510,7.19
HARBAN BHASHA,TEHSIL,UPPER KOHISTAN,RURAL,,49244,22901,26342,1,86.94,,,6.8,32510,7.19
HARBAN BHASHA,TEHSIL,UPPER KOHISTAN,URBAN,,,,,,,,,,,
KANDIA,SUB-DIVISION,UPPER KOHISTAN,OVERALL,1926,165232,87372,77859,1,112.22,85.79000000000001,,5.9,83850,12
KANDIA,SUB-DIVISION,UPPER KOHISTAN,RURAL,,165232,87372,77859,1,112.22,,,5.9,83850,12
KANDIA,SUB-DIVISION,UPPER KOHISTAN,URBAN,,,,,,,,,,,
SEO,SUB-DIVISION,UPPER KOHISTAN,OVERALL,258,59557,29009,30547,1,94.97,230.84,,5.4,66552,-1.84
SEO,SUB-DIVISION,UPPER KOHISTAN,RURAL,,59557,29009,30547,1,94.97,,,5.4,66552,-1.84
SEO,SUB-DIVISION,UPPER KOHISTAN,URBAN,,,,,,,,,,,
