name_admin_unit,part_of_district,admin_unit,region,households,toilet_separate,toilet_flush,toilet_non_flush,toilet_none,washroom_separate,washroom_none
AWARAN,AWARAN,DISTRICT,OVERALL,27796,20910,14432,7553,5811,25205,1472
AWARAN,AWARAN,DISTRICT,RURAL,21364,14937,9765,6170,5429,19131,1303
AWARAN,AWARAN,DISTRICT,URBAN,6432,5973,4667,1383,382,6074,169
AWARAN,AWARAN,SUB-DIVISION,OVERALL,6471,4792,3615,1250,1606,6026,252
AWARAN,AWARAN,SUB-DIVISION,RURAL,2486,1123,952,180,1354,2262,208
AWARAN,AWARAN,SUB-DIVISION,URBAN,3985,3669,2663,1070,252,3764,44
GISHKORE,AWARAN,TEHSIL,OVERALL,6191,4799,2706,2096,1389,5650,507
GISHKORE,AWARAN,TEHSIL,RURAL,6191,4799,2706,2096,1389,5650,507
GISHKORE,AWARAN,TEHSIL,URBAN,,,,,,,
JHAL JAO,AWARAN,TEHSIL,OVERALL,3990,2889,1809,1591,590,3422,100
JHAL JAO,AWARAN,TEHSIL,RURAL,3990,2889,1809,1591,590,3422,100
JHAL JAO,AWARAN,TEHSIL,URBAN,,,,,,,
KORAK JHAO,AWARAN,TEHSIL,OVERALL,4256,2603,1203,1408,1645,4148,83
KORAK JHAO,AWARAN,TEHSIL,RURAL,4256,2603,1203,1408,1645,4148,83
KORAK JHAO,AWARAN,TEHSIL,URBAN,,,,,,,
MASHKAI,AWARAN,TEHSIL,OVERALL,6888,5827,5099,1208,581,5959,530
MASHKAI,AWARAN,TEHSIL,RURAL,4441,3523,3095,895,451,3649,405
MASHKAI,AWARAN,TEHSIL,URBAN,2447,2304,2004,313,130,2310,125
BARKHAN,BARKHAN,DISTRICT,OVERALL,23053,5340,6572,3771,12710,8576,7549
BARKHAN,BARKHAN,DISTRICT,RURAL,21582,4362,5370,3511,12701,7543,7535
BARKHAN,BARKHAN,DISTRICT,URBAN,1471,978,1202,260,9,1033,14
BARKHAN,BARKHAN,TEHSIL,OVERALL,23053,5340,6572,3771,12710,8576,7549
BARKHAN,BARKHAN,TEHSIL,RURAL,21582,4362,5370,3511,12701,7543,7535
BARKHAN,BARKHAN,TEHSIL,URBAN,1471,978,1202,260,9,1033,14
CHAGAI,CHAGAI,DISTRICT,OVERALL,38213,23093,25211,3549,9453,29000,3374
CHAGAI,CHAGAI,DISTRICT,RURAL,35640,21099,23090,3122,9428,26914,3344
CHAGAI,CHAGAI,DISTRICT,URBAN,2573,1994,2121,427,25,2086,30
CHAGAI,CHAGAI,TEHSIL,OVERALL,11064,6234,7114,1581,2369,8204,542
CHAGAI,CHAGAI,TEHSIL,RURAL,11064,6234,7114,1581,2369,8204,542
CHAGAI,CHAGAI,TEHSIL,URBAN,,,,,,,
DALBANDIN,CHAGAI,SUB-DIVISION,OVERALL,17642,10833,11616,1455,4571,13084,2228
DALBANDIN,CHAGAI,SUB-DIVISION,RURAL,15069,8839,9495,1028,4546,10998,2198
DALBANDIN,CHAGAI,SUB-DIVISION,URBAN,2573,1994,2121,427,25,2086,30
NOKUNDI,CHAGAI,TEHSIL,OVERALL,3141,2085,2598,61,482,2483,61
NOKUNDI,CHAGAI,TEHSIL,RURAL,3141,2085,2598,61,482,2483,61
NOKUNDI,CHAGAI,TEHSIL,URBAN,,,,,,,
TAFTAN,CHAGAI,SUB-DIVISION,OVERALL,2694,2481,2470,215,9,2473,13
TAFTAN,CHAGAI,SUB-DIVISION,RURAL,2694,2481,2470,215,9,2473,13
TAFTAN,CHAGAI,SUB-DIVISION,URBAN,,,,,,,
YAK MACHH,CHAGAI,SUB-TEHSIL,OVERALL,3672,1460,1413,237,2022,2756,530
YAK MACHH,CHAGAI,SUB-TEHSIL,RURAL,3672,1460,1413,237,2022,2756,530
YAK MACHH,CHAGAI,SUB-TEHSIL,URBAN,,,,,,,
CHAMAN,CHAMAN,DISTRICT,OVERALL,61915,38314,39700,19460,2755,44643,1935
CHAMAN,CHAMAN,DISTRICT,RURAL,42810,25576,27457,13148,2205,30419,1388
CHAMAN,CHAMAN,DISTRICT,URBAN,19105,12738,12243,6312,550,14224,547
CHAMAN CITY,CHAMAN,SUB-DIVISION,OVERALL,19105,12738,12243,6312,550,14224,547
CHAMAN CITY,CHAMAN,SUB-DIVISION,RURAL,,,,,,,
CHAMAN CITY,CHAMAN,SUB-DIVISION,URBAN,19105,12738,12243,6312,550,14224,547
CHAMAN SADDAR,CHAMAN,SUB-DIVISION,OVERALL,42810,25576,27457,13148,2205,30419,1388
CHAMAN SADDAR,CHAMAN,SUB-DIVISION,RURAL,42810,25576,27457,13148,2205,30419,1388
CHAMAN SADDAR,CHAMAN,SUB-DIVISION,URBAN,,,,,,,
DERA BUGTI,DERA BUGTI,DISTRICT,OVERALL,62267,13726,21769,4554,35944,16518,32207
DERA BUGTI,DERA BUGTI,DISTRICT,RURAL,42439,4590,4042,3792,34605,8023,29518
DERA BUGTI,DERA BUGTI,DISTRICT,URBAN,19828,9136,17727,762,1339,8495,2689
BAIKER,DERA BUGTI,SUB-TEHSIL,OVERALL,4831,244,121,402,4308,653,3665
BAIKER,DERA BUGTI,SUB-TEHSIL,RURAL,4831,244,121,402,4308,653,3665
BAIKER,DERA BUGTI,SUB-TEHSIL,URBAN,,,,,,,
DERA BUGTI,DERA BUGTI,SUB-DIVISION,OVERALL,9607,3504,4558,1075,3974,3510,4082
DERA BUGTI,DERA BUGTI,SUB-DIVISION,RURAL,4178,680,328,679,3171,1239,2582
DERA BUGTI,DERA BUGTI,SUB-DIVISION,URBAN,5429,2824,4230,396,803,2271,1500
LOTI,DERA BUGTI,SUB-TEHSIL,OVERALL,4565,359,94,370,4101,403,4042
LOTI,DERA BUGTI,SUB-TEHSIL,RURAL,4565,359,94,370,4101,403,4042
LOTI,DERA BUGTI,SUB-TEHSIL,URBAN,,,,,,,
MALAM,DERA BUGTI,SUB-TEHSIL,OVERALL,4435,1027,679,404,3352,1578,2452
MALAM,DERA BUGTI,SUB-TEHSIL,RURAL,4435,1027,679,404,3352,1578,2452
MALAM,DERA BUGTI,SUB-TEHSIL,URBAN,,,,,,,
PIR KOH,DERA BUGTI,SUB-TEHSIL,OVERALL,8519,811,1127,375,7017,1728,5630
PIR KOH,DERA BUGTI,SUB-TEHSIL,RURAL,8519,811,1127,375,7017,1728,5630
PIR KOH,DERA BUGTI,SUB-TEHSIL,URBAN,,,,,,,
QADIRABAD,DERA BUGTI,SUB-DIVISION,OVERALL,3848,424,378,146,3324,1327,2244
QADIRABAD,DERA BUGTI,SUB-DIVISION,RURAL,3848,424,378,146,3324,1327,2244
QADIRABAD,DERA BUGTI,SUB-DIVISION,URBAN,,,,,,,
SANGSILLAH,DERA BUGTI,SUB-TEHSIL,OVERALL,2494,315,467,820,1207,329,1065
SANGSILLAH,DERA BUGTI,SUB-TEHSIL,RURAL,2494,315,467,820,1207,329,1065
SANGSILLAH,DERA BUGTI,SUB-TEHSIL,URBAN,,,,,,,
SUI,DERA BUGTI,SUB-DIVISION,OVERALL,23968,7042,14345,962,8661,6990,9027
SUI,DERA BUGTI,SUB-DIVISION,RURAL,9569,730,848,596,8125,766,7838
SUI,DERA BUGTI,SUB-DIVISION,URBAN,14399,6312,13497,366,536,6224,1189
DUKI,DUKI,DISTRICT,OVERALL,43059,18881,19306,11742,12011,25958,3803
DUKI,DUKI,DISTRICT,RURAL,40066,17167,17550,10516,12000,23998,3774
DUKI,DUKI,DISTRICT,URBAN,2993,1714,1756,1226,11,1960,29
DUKI,DUKI,SUB-DIVISION,OVERALL,26606,13444,12644,8682,5280,16807,1819
DUKI,DUKI,SUB-DIVISION,RURAL,23613,11730,10888,7456,5269,14847,1790
DUKI,DUKI,SUB-DIVISION,URBAN,2993,1714,1756,1226,11,1960,29
LUNI,DUKI,SUB-DIVISION,OVERALL,2907,1126,851,841,1215,1783,322
LUNI,DUKI,SUB-DIVISION,RURAL,2907,1126,851,841,1215,1783,322
LUNI,DUKI,SUB-DIVISION,URBAN,,,,,,,
TALAO,DUKI,SUB-TEHSIL,OVERALL,5256,1807,1411,863,2982,3466,717
TALAO,DUKI,SUB-TEHSIL,RURAL,5256,1807,1411,863,2982,3466,717
TALAO,DUKI,SUB-TEHSIL,URBAN,,,,,,,
THAL CHUTYALI,DUKI,SUB-DIVISION,OVERALL,8290,2504,4400,1356,2534,3902,945
THAL CHUTYALI,DUKI,SUB-DIVISION,RURAL,8290,2504,4400,1356,2534,3902,945
THAL CHUTYALI,DUKI,SUB-DIVISION,URBAN,,,,,,,
GWADAR,GWADAR,DISTRICT,OVERALL,50357,29969,39518,4704,6135,36324,887
GWADAR,GWADAR,DISTRICT,RURAL,22539,12856,14538,2512,5489,17507,777
GWADAR,GWADAR,DISTRICT,URBAN,27818,17113,24980,2192,646,18817,110
GWADAR,GWADAR,SUB-DIVISION,OVERALL,24533,16746,21861,2199,473,17970,145
GWADAR,GWADAR,SUB-DIVISION,RURAL,10503,7162,9698,463,342,7859,96
GWADAR,GWADAR,SUB-DIVISION,URBAN,14030,9584,12163,1736,131,10111,49
JIWANI,GWADAR,TEHSIL,OVERALL,4420,3283,3986,408,26,3265,16
JIWANI,GWADAR,TEHSIL,RURAL,1586,946,1366,213,7,956,3
JIWANI,GWADAR,TEHSIL,URBAN,2834,2337,2620,195,19,2309,13
ORMARA,GWADAR,TEHSIL,OVERALL,5415,2364,3555,278,1582,3638,513
ORMARA,GWADAR,TEHSIL,RURAL,1789,353,189,176,1424,1233,504
ORMARA,GWADAR,TEHSIL,URBAN,3626,2011,3366,102,158,2405,9
PASNI,GWADAR,SUB-DIVISION,OVERALL,13708,5639,8981,816,3911,9359,193
PASNI,GWADAR,SUB-DIVISION,RURAL,6380,2458,2150,657,3573,5367,154
PASNI,GWADAR,SUB-DIVISION,URBAN,7328,3181,6831,159,338,3992,39
SUNTSER,GWADAR,SUB-TEHSIL,OVERALL,2281,1937,1135,1003,143,2092,20
SUNTSER,GWADAR,SUB-TEHSIL,RURAL,2281,1937,1135,1003,143,2092,20
SUNTSER,GWADAR,SUB-TEHSIL,URBAN,,,,,,,
HARNAI,HARNAI,DISTRICT,OVERALL,16393,5649,7059,1663,7671,8126,4386
HARNAI,HARNAI,DISTRICT,RURAL,11891,3188,3330,1311,7250,5260,4269
HARNAI,HARNAI,DISTRICT,URBAN,4502,2461,3729,352,421,2866,117
HARNAI,HARNAI,SUB-DIVISION,OVERALL,10170,3066,4327,1113,4730,3699,3574
HARNAI,HARNAI,SUB-DIVISION,RURAL,8051,2057,2366,971,4714,2704,3550
HARNAI,HARNAI,SUB-DIVISION,URBAN,2119,1009,1961,142,16,995,24
KHOAST,HARNAI,SUB-DIVISION,OVERALL,2212,704,640,124,1448,1558,226
KHOAST,HARNAI,SUB-DIVISION,RURAL,2212,704,640,124,1448,1558,226
KHOAST,HARNAI,SUB-DIVISION,URBAN,,,,,,,
SHAHRIG,HARNAI,TEHSIL,OVERALL,4011,1879,2092,426,1493,2869,586
SHAHRIG,HARNAI,TEHSIL,RURAL,1628,427,324,216,1088,998,493
SHAHRIG,HARNAI,TEHSIL,URBAN,2383,1452,1768,210,405,1871,93
JAFFARABAD,JAFFARABAD,DISTRICT,OVERALL,81562,31694,38632,15203,27727,26620,35689
JAFFARABAD,JAFFARABAD,DISTRICT,RURAL,62763,21652,23196,13084,26483,17525,33044
JAFFARABAD,JAFFARABAD,DISTRICT,URBAN,18799,10042,15436,2119,1244,9095,2645
GANDAKHA,JAFFARABAD,TEHSIL,OVERALL,14259,5189,4072,3002,7185,4724,7942
GANDAKHA,JAFFARABAD,TEHSIL,RURAL,14259,5189,4072,3002,7185,4724,7942
GANDAKHA,JAFFARABAD,TEHSIL,URBAN,,,,,,,
JHAT PAT,JAFFARABAD,SUB-DIVISION,OVERALL,37693,15567,20097,7195,10401,13455,13449
JHAT PAT,JAFFARABAD,SUB-DIVISION,RURAL,26891,9909,11762,5433,9696,8520,11800
JHAT PAT,JAFFARABAD,SUB-DIVISION,URBAN,10802,5658,8335,1762,705,4935,1649
USTA MUHAMMAD,JAFFARABAD,SUB-DIVISION,OVERALL,29610,10938,14463,5006,10141,8441,14298
USTA MUHAMMAD,JAFFARABAD,SUB-DIVISION,RURAL,21613,6554,7362,4649,9602,4281,13302
USTA MUHAMMAD,JAFFARABAD,SUB-DIVISION,URBAN,7997,4384,7101,357,539,4160,996
JHAL MAGSI,JHAL MAGSI,DISTRICT,OVERALL,30953,14463,10712,8562,11679,11908,15044
JHAL MAGSI,JHAL MAGSI,DISTRICT,RURAL,27257,12267,8306,7645,11306,9754,14562
JHAL MAGSI,JHAL MAGSI,DISTRICT,URBAN,3696,2196,2406,917,373,2154,482
GANDAWA,JHAL MAGSI,TEHSIL,OVERALL,11109,5320,5157,2663,3289,4442,4514
GANDAWA,JHAL MAGSI,TEHSIL,RURAL,7413,3124,2751,1746,2916,2288,4032
GANDAWA,JHAL MAGSI,TEHSIL,URBAN,3696,2196,2406,917,373,2154,482
JHAL MAGSI,JHAL MAGSI,TEHSIL,OVERALL,17155,8169,5120,5079,6956,6683,8878
JHAL MAGSI,JHAL MAGSI,TEHSIL,RURAL,17155,8169,5120,5079,6956,6683,8878
JHAL MAGSI,JHAL MAGSI,TEHSIL,URBAN,,,,,,,
MIRPUR,JHAL MAGSI,SUB-TEHSIL,OVERALL,2689,974,435,820,1434,783,1652
MIRPUR,JHAL MAGSI,SUB-TEHSIL,RURAL,2689,974,435,820,1434,783,1652
MIRPUR,JHAL MAGSI,SUB-TEHSIL,URBAN,,,,,,,
KACHHI,KACHHI,DISTRICT,OVERALL,50032,23840,24724,18290,7018,24277,6871
KACHHI,KACHHI,DISTRICT,RURAL,41450,18953,17795,16690,6965,19542,6642
KACHHI,KACHHI,DISTRICT,URBAN,8582,4887,6929,1600,53,4735,229
BALANARI,KACHHI,SUB-TEHSIL,OVERALL,6523,4608,4834,1481,208,4617,261
BALANARI,KACHHI,SUB-TEHSIL,RURAL,6523,4608,4834,1481,208,4617,261
BALANARI,KACHHI,SUB-TEHSIL,URBAN,,,,,,,
BHAG,KACHHI,SUB-DIVISION,OVERALL,16312,7098,5235,8025,3052,7142,3268
BHAG,KACHHI,SUB-DIVISION,RURAL,12865,5679,2984,6859,3022,5734,3225
BHAG,KACHHI,SUB-DIVISION,URBAN,3447,1419,2251,1166,30,1408,43
DHADAR,KACHHI,SUB-DIVISION,OVERALL,7176,3599,5095,1370,711,3367,986
DHADAR,KACHHI,SUB-DIVISION,RURAL,4361,2076,2611,1052,698,1994,809
DHADAR,KACHHI,SUB-DIVISION,URBAN,2815,1523,2484,318,13,1373,177
KHATTAN,KACHHI,SUB-TEHSIL,OVERALL,2723,981,541,1578,604,1095,435
KHATTAN,KACHHI,SUB-TEHSIL,RURAL,2723,981,541,1578,604,1095,435
KHATTAN,KACHHI,SUB-TEHSIL,URBAN,,,,,,,
MACH,KACHHI,SUB-DIVISION,OVERALL,5699,3379,4811,253,635,3796,421
MACH,KACHHI,SUB-DIVISION,RURAL,3379,1434,2617,137,625,1842,412
MACH,KACHHI,SUB-DIVISION,URBAN,2320,1945,2194,116,10,1954,9
SANNI,KACHHI,SUB-DIVISION,OVERALL,11599,4175,4208,5583,1808,4260,1500
SANNI,KACHHI,SUB-DIVISION,RURAL,11599,4175,4208,5583,1808,4260,1500
SANNI,KACHHI,SUB-DIVISION,URBAN,,,,,,,
KALAT,KALAT,DISTRICT,OVERALL,33101,16917,13712,10993,8396,20008,5554
KALAT,KALAT,DISTRICT,RURAL,27903,12945,8851,10695,8357,15936,5510
KALAT,KALAT,DISTRICT,URBAN,5198,3972,4861,298,39,4072,44
GAZG,KALAT,SUB-TEHSIL,OVERALL,1274,550,182,425,667,670,528
GAZG,KALAT,SUB-TEHSIL,RURAL,1274,550,182,425,667,670,528
GAZG,KALAT,SUB-TEHSIL,URBAN,,,,,,,
JOHAN,KALAT,SUB-TEHSIL,OVERALL,2486,1253,408,1051,1027,1535,758
JOHAN,KALAT,SUB-TEHSIL,RURAL,2486,1253,408,1051,1027,1535,758
JOHAN,KALAT,SUB-TEHSIL,URBAN,,,,,,,
KALAT,KALAT,SUB-DIVISION,OVERALL,20124,10262,9575,5112,5437,12248,3368
KALAT,KALAT,SUB-DIVISION,RURAL,14926,6290,4714,4814,5398,8176,3324
KALAT,KALAT,SUB-DIVISION,URBAN,5198,3972,4861,298,39,4072,44
MANGOCHAR,KALAT,SUB-DIVISION,OVERALL,9217,4852,3547,4405,1265,5555,900
MANGOCHAR,KALAT,SUB-DIVISION,RURAL,9217,4852,3547,4405,1265,5555,900
MANGOCHAR,KALAT,SUB-DIVISION,URBAN,,,,,,,
KECH,KECH,DISTRICT,OVERALL,253475,127898,142587,64806,46082,145814,19307
KECH,KECH,DISTRICT,RURAL,164440,79122,81489,44622,38329,92207,16914
KECH,KECH,DISTRICT,URBAN,89035,48776,61098,20184,7753,53607,2393
BALNIGORE,KECH,SUB-TEHSIL,OVERALL,14389,10493,8996,4618,775,12195,340
BALNIGORE,KECH,SUB-TEHSIL,RURAL,14389,10493,8996,4618,775,12195,340
BALNIGORE,KECH,SUB-TEHSIL,URBAN,,,,,,,
BULAIDA,KECH,SUB-DIVISION,OVERALL,24326,9736,12947,6446,4933,12149,2771
BULAIDA,KECH,SUB-DIVISION,RURAL,9038,1635,2460,2490,4088,2985,2048
BULAIDA,KECH,SUB-DIVISION,URBAN,15288,8101,10487,3956,845,9164,723
DASHT,KECH,SUB-DIVISION,OVERALL,21083,15283,11088,6816,3179,16826,885
DASHT,KECH,SUB-DIVISION,RURAL,21083,15283,11088,6816,3179,16826,885
DASHT,KECH,SUB-DIVISION,URBAN,,,,,,,
HOSHAB,KECH,SUB-TEHSIL,OVERALL,16755,6848,6864,2723,7168,10592,934
HOSHAB,KECH,SUB-TEHSIL,RURAL,16755,6848,6864,2723,7168,10592,934
HOSHAB,KECH,SUB-TEHSIL,URBAN,,,,,,,
MAND,KECH,TEHSIL,OVERALL,16348,10233,12528,3399,421,10313,305
MAND,KECH,TEHSIL,RURAL,16348,10233,12528,3399,421,10313,305
MAND,KECH,TEHSIL,URBAN,,,,,,,
TUMP,KECH,SUB-DIVISION,OVERALL,38839,20593,15285,18033,5521,21211,4342
TUMP,KECH,SUB-DIVISION,RURAL,23040,11456,8710,9819,4511,11542,3730
TUMP,KECH,SUB-DIVISION,URBAN,15799,9137,6575,8214,1010,9669,612
TURBAT,KECH,SUB-DIVISION,OVERALL,100774,51923,73277,16247,11250,57101,3586
TURBAT,KECH,SUB-DIVISION,RURAL,42826,20385,29241,8233,5352,22327,2528
TURBAT,KECH,SUB-DIVISION,URBAN,57948,31538,44036,8014,5898,34774,1058
ZAMORAN,KECH,SUB-TEHSIL,OVERALL,20961,2789,1602,6524,12835,5427,6144
ZAMORAN,KECH,SUB-TEHSIL,RURAL,20961,2789,1602,6524,12835,5427,6144
ZAMORAN,KECH,SUB-TEHSIL,URBAN,,,,,,,
KHARAN,KHARAN,DISTRICT,OVERALL,35843,22827,19063,11166,5614,26785,1268
KHARAN,KHARAN,DISTRICT,RURAL,24823,15295,10103,9157,5563,19464,1217
KHARAN,KHARAN,DISTRICT,URBAN,11020,7532,8960,2009,51,7321,51
KHARAN,KHARAN,SUB-DIVISION,OVERALL,14023,9418,11102,2274,647,9656,211
KHARAN,KHARAN,SUB-DIVISION,RURAL,3003,1886,2142,265,596,2335,160
KHARAN,KHARAN,SUB-DIVISION,URBAN,11020,7532,8960,2009,51,7321,51
PATKAIN,KHARAN,SUB-TEHSIL,OVERALL,3598,1431,552,1404,1642,2823,76
PATKAIN,KHARAN,SUB-TEHSIL,RURAL,3598,1431,552,1404,1642,2823,76
PATKAIN,KHARAN,SUB-TEHSIL,URBAN,,,,,,,
SAR KHARAN,KHARAN,SUB-DIVISION,OVERALL,11432,7797,5057,5246,1129,8631,367
SAR KHARAN,KHARAN,SUB-DIVISION,RURAL,11432,7797,5057,5246,1129,8631,367
SAR KHARAN,KHARAN,SUB-DIVISION,URBAN,,,,,,,
TOHMULK,KHARAN,SUB-TEHSIL,OVERALL,6790,4181,2352,2242,2196,5675,614
TOHMULK,KHARAN,SUB-TEHSIL,RURAL,6790,4181,2352,2242,2196,5675,614
TOHMULK,KHARAN,SUB-TEHSIL,URBAN,,,,,,,
KHUZDAR,KHUZDAR,DISTRICT,OVERALL,161450,85673,71788,42743,46919,109162,21464
KHUZDAR,KHUZDAR,DISTRICT,RURAL,111846,52393,35384,31756,44706,75514,19757
KHUZDAR,KHUZDAR,DISTRICT,URBAN,49604,33280,36404,10987,2213,33648,1707
ARANJI,KHUZDAR,SUB-TEHSIL,OVERALL,10012,1244,1482,500,8030,4695,3832
ARANJI,KHUZDAR,SUB-TEHSIL,RURAL,10012,1244,1482,500,8030,4695,3832
ARANJI,KHUZDAR,SUB-TEHSIL,URBAN,,,,,,,
GRESHA,KHUZDAR,SUB-TEHSIL,OVERALL,9920,4399,1645,4150,4125,7278,739
GRESHA,KHUZDAR,SUB-TEHSIL,RURAL,9920,4399,1645,4150,4125,7278,739
GRESHA,KHUZDAR,SUB-TEHSIL,URBAN,,,,,,,
KARAKH,KHUZDAR,SUB-DIVISION,OVERALL,6723,3423,2852,1627,2244,3774,1857
KARAKH,KHUZDAR,SUB-DIVISION,RURAL,6723,3423,2852,1627,2244,3774,1857
KARAKH,KHUZDAR,SUB-DIVISION,URBAN,,,,,,,
KHUZDAR,KHUZDAR,SUB-DIVISION,OVERALL,54451,34078,33171,13460,7820,37087,4221
KHUZDAR,KHUZDAR,SUB-DIVISION,RURAL,23672,13669,9010,8617,6045,16630,2815
KHUZDAR,KHUZDAR,SUB-DIVISION,URBAN,30779,20409,24161,4843,1775,20457,1406
MOOLA,KHUZDAR,SUB-TEHSIL,OVERALL,4086,1629,1371,1136,1579,1890,1093
MOOLA,KHUZDAR,SUB-TEHSIL,RURAL,4086,1629,1371,1136,1579,1890,1093
MOOLA,KHUZDAR,SUB-TEHSIL,URBAN,,,,,,,
NAL,KHUZDAR,SUB-DIVISION,OVERALL,15283,11327,8272,5304,1707,12160,816
NAL,KHUZDAR,SUB-DIVISION,RURAL,9116,6627,2695,4758,1663,7396,779
NAL,KHUZDAR,SUB-DIVISION,URBAN,6167,4700,5577,546,44,4764,37
ORNACH,KHUZDAR,SUB-DIVISION,OVERALL,13078,6085,4021,2143,6914,8965,3972
ORNACH,KHUZDAR,SUB-DIVISION,RURAL,13078,6085,4021,2143,6914,8965,3972
ORNACH,KHUZDAR,SUB-DIVISION,URBAN,,,,,,,
SAROONA,KHUZDAR,SUB-TEHSIL,OVERALL,6480,1715,543,1270,4667,3958,2388
SAROONA,KHUZDAR,SUB-TEHSIL,RURAL,6480,1715,543,1270,4667,3958,2388
SAROONA,KHUZDAR,SUB-TEHSIL,URBAN,,,,,,,
WADH,KHUZDAR,SUB-DIVISION,OVERALL,21772,12347,11024,3228,7520,18341,1623
WADH,KHUZDAR,SUB-DIVISION,RURAL,16775,8616,6800,2712,7263,14334,1443
WADH,KHUZDAR,SUB-DIVISION,URBAN,4997,3731,4224,516,257,4007,180
ZEHRI,KHUZDAR,SUB-DIVISION,OVERALL,19645,9426,7407,9925,2313,11014,923
ZEHRI,KHUZDAR,SUB-DIVISION,RURAL,11984,4986,4965,4843,2176,6594,839
ZEHRI,KHUZDAR,SUB-DIVISION,URBAN,7661,4440,2442,5082,137,4420,84
KILLA ABDULLAH,KILLA ABDULLAH,DISTRICT,OVERALL,67289,36169,34141,25666,7482,44452,2869
KILLA ABDULLAH,KILLA ABDULLAH,DISTRICT,RURAL,60913,32773,32282,21834,6797,40773,2760
KILLA ABDULLAH,KILLA ABDULLAH,DISTRICT,URBAN,6376,3396,1859,3832,685,3679,109
DOBANDI,KILLA ABDULLAH,SUB-TEHSIL,OVERALL,12995,4532,2420,5977,4598,7769,1488
DOBANDI,KILLA ABDULLAH,SUB-TEHSIL,RURAL,12995,4532,2420,5977,4598,7769,1488
DOBANDI,KILLA ABDULLAH,SUB-TEHSIL,URBAN,,,,,,,
GULISTAN,KILLA ABDULLAH,SUB-DIVISION,OVERALL,23751,13956,14940,7619,1192,17366,643
GULISTAN,KILLA ABDULLAH,SUB-DIVISION,RURAL,23751,13956,14940,7619,1192,17366,643
GULISTAN,KILLA ABDULLAH,SUB-DIVISION,URBAN,,,,,,,
KILLA ABDULLAH,KILLA ABDULLAH,SUB-DIVISION,OVERALL,30543,17681,16781,12070,1692,19317,738
KILLA ABDULLAH,KILLA ABDULLAH,SUB-DIVISION,RURAL,24167,14285,14922,8238,1007,15638,629
KILLA ABDULLAH,KILLA ABDULLAH,SUB-DIVISION,URBAN,6376,3396,1859,3832,685,3679,109
KILLA SAIFULLAH,KILLA SAIFULLAH,DISTRICT,OVERALL,69998,19865,23078,10794,36126,46769,5584
KILLA SAIFULLAH,KILLA SAIFULLAH,DISTRICT,RURAL,58088,13584,13551,9371,35166,38658,5235
KILLA SAIFULLAH,KILLA SAIFULLAH,DISTRICT,URBAN,11910,6281,9527,1423,960,8111,349
BADINI,KILLA SAIFULLAH,SUB-TEHSIL,OVERALL,2769,137,52,172,2545,1560,478
BADINI,KILLA SAIFULLAH,SUB-TEHSIL,RURAL,2769,137,52,172,2545,1560,478
BADINI,KILLA SAIFULLAH,SUB-TEHSIL,URBAN,,,,,,,
KAN MEHTARZAI,KILLA SAIFULLAH,SUB-TEHSIL,OVERALL,7348,3308,3727,1674,1947,4740,504
KAN MEHTARZAI,KILLA SAIFULLAH,SUB-TEHSIL,RURAL,7348,3308,3727,1674,1947,4740,504
KAN MEHTARZAI,KILLA SAIFULLAH,SUB-TEHSIL,URBAN,,,,,,,
KILLA SAIFULLAH,KILLA SAIFULLAH,SUB-DIVISION,OVERALL,29319,7540,9676,4566,15077,20183,1686
KILLA SAIFULLAH,KILLA SAIFULLAH,SUB-DIVISION,RURAL,22108,3971,4466,3438,14204,15902,1392
KILLA SAIFULLAH,KILLA SAIFULLAH,SUB-DIVISION,URBAN,7211,3569,5210,1128,873,4281,294
LOIBAND,KILLA SAIFULLAH,TEHSIL,OVERALL,5105,546,253,630,4222,3473,409
LOIBAND,KILLA SAIFULLAH,TEHSIL,RURAL,5105,546,253,630,4222,3473,409
LOIBAND,KILLA SAIFULLAH,TEHSIL,URBAN,,,,,,,
MUSLIM BAGH,KILLA SAIFULLAH,TEHSIL,OVERALL,14084,6984,8615,2452,3017,10705,395
MUSLIM BAGH,KILLA SAIFULLAH,TEHSIL,RURAL,9385,4272,4298,2157,2930,6875,340
MUSLIM BAGH,KILLA SAIFULLAH,TEHSIL,URBAN,4699,2712,4317,295,87,3830,55
SHINKI,KILLA SAIFULLAH,SUB-TEHSIL,OVERALL,11373,1350,755,1300,9318,6108,2112
SHINKI,KILLA SAIFULLAH,SUB-TEHSIL,RURAL,11373,1350,755,1300,9318,6108,2112
SHINKI,KILLA SAIFULLAH,SUB-TEHSIL,URBAN,,,,,,,
KOHLU,KOHLU,DISTRICT,OVERALL,38095,7407,8585,3837,25673,12370,18326
KOHLU,KOHLU,DISTRICT,RURAL,34936,5727,5738,3649,25549,10584,18036
KOHLU,KOHLU,DISTRICT,URBAN,3159,1680,2847,188,124,1786,290
GRISANI,KOHLU,SUB-TEHSIL,OVERALL,2401,305,674,588,1139,387,914
GRISANI,KOHLU,SUB-TEHSIL,RURAL,2401,305,674,588,1139,387,914
GRISANI,KOHLU,SUB-TEHSIL,URBAN,,,,,,,
KAHAN,KOHLU,SUB-DIVISION,OVERALL,11817,1173,259,1434,10124,2418,7676
KAHAN,KOHLU,SUB-DIVISION,RURAL,11817,1173,259,1434,10124,2418,7676
KAHAN,KOHLU,SUB-DIVISION,URBAN,,,,,,,
KOHLU,KOHLU,SUB-DIVISION,OVERALL,8513,3595,5104,714,2695,4719,1530
KOHLU,KOHLU,SUB-DIVISION,RURAL,5354,1915,2257,526,2571,2933,1240
KOHLU,KOHLU,SUB-DIVISION,URBAN,3159,1680,2847,188,124,1786,290
MAWAND,KOHLU,SUB-DIVISION,OVERALL,7719,1257,1456,528,5735,2042,4688
MAWAND,KOHLU,SUB-DIVISION,RURAL,7719,1257,1456,528,5735,2042,4688
MAWAND,KOHLU,SUB-DIVISION,URBAN,,,,,,,
TAMBOO,KOHLU,SUB-TEHSIL,OVERALL,7645,1077,1092,573,5980,2804,3518
TAMBOO,KOHLU,SUB-TEHSIL,RURAL,7645,1077,1092,573,5980,2804,3518
TAMBOO,KOHLU,SUB-TEHSIL,URBAN,,,,,,,
LASBELA,LASBELA,DISTRICT,OVERALL,115539,71503,80605,10658,24276,81712,13784
LASBELA,LASBELA,DISTRICT,RURAL,61309,34312,35669,7605,18035,42412,9694
LASBELA,LASBELA,DISTRICT,URBAN,54230,37191,44936,3053,6241,39300,4090
BELA,LASBELA,SUB-DIVISION,OVERALL,19806,12547,13979,2526,3301,12434,3424
BELA,LASBELA,SUB-DIVISION,RURAL,15827,9526,10142,2450,3235,9545,3203
BELA,LASBELA,SUB-DIVISION,URBAN,3979,3021,3837,76,66,2889,221
DUREJI,LASBELA,SUB-DIVISION,OVERALL,10008,3517,3193,486,6329,6063,3711
DUREJI,LASBELA,SUB-DIVISION,RURAL,6945,2887,2617,406,3922,4718,2030
DUREJI,LASBELA,SUB-DIVISION,URBAN,3063,630,576,80,2407,1345,1681
GADDANI,LASBELA,TEHSIL,OVERALL,6578,2723,3188,453,2937,5302,339
GADDANI,LASBELA,TEHSIL,RURAL,2676,1572,1515,316,845,2296,114
GADDANI,LASBELA,TEHSIL,URBAN,3902,1151,1673,137,2092,3006,225
HUB,LASBELA,SUB-DIVISION,OVERALL,37994,30456,35329,1187,1478,30005,2050
HUB,LASBELA,SUB-DIVISION,RURAL,7855,6333,6467,255,1133,6857,663
HUB,LASBELA,SUB-DIVISION,URBAN,30139,24123,28862,932,345,23148,1387
KANRAJ,LASBELA,SUB-DIVISION,OVERALL,2722,386,452,12,2258,2173,391
KANRAJ,LASBELA,SUB-DIVISION,RURAL,2722,386,452,12,2258,2173,391
KANRAJ,LASBELA,SUB-DIVISION,URBAN,,,,,,,
LAKHRA,LASBELA,TEHSIL,OVERALL,7378,4181,5651,1210,517,4113,661
LAKHRA,LASBELA,TEHSIL,RURAL,7378,4181,5651,1210,517,4113,661
LAKHRA,LASBELA,TEHSIL,URBAN,,,,,,,
LIARI,LASBELA,SUB-TEHSIL,OVERALL,2589,1263,807,538,1244,1944,503
LIARI,LASBELA,SUB-TEHSIL,RURAL,2589,1263,807,538,1244,1944,503
LIARI,LASBELA,SUB-TEHSIL,URBAN,,,,,,,
SONMIANI/WINDER,LASBELA,TEHSIL,OVERALL,14186,7644,9718,1122,3346,9650,1251
SONMIANI/WINDER,LASBELA,TEHSIL,RURAL,6861,3485,3823,912,2126,4726,903
SONMIANI/WINDER,LASBELA,TEHSIL,URBAN,7325,4159,5895,210,1220,4924,348
UTHAL,LASBELA,SUB-DIVISION,OVERALL,14278,8786,8288,3124,2866,10028,1454
UTHAL,LASBELA,SUB-DIVISION,RURAL,8456,4679,4195,1506,2755,6040,1226
UTHAL,LASBELA,SUB-DIVISION,URBAN,5822,4107,4093,1618,111,3988,228
LORALAI,LORALAI,DISTRICT,OVERALL,38214,17083,20006,6870,11338,24096,4177
LORALAI,LORALAI,DISTRICT,RURAL,30607,11624,13060,6366,11181,18637,3934
LORALAI,LORALAI,DISTRICT,URBAN,7607,5459,6946,504,157,5459,243
BORI,LORALAI,SUB-DIVISION,OVERALL,31142,15432,17991,6147,7004,19638,3093
BORI,LORALAI,SUB-DIVISION,RURAL,23535,9973,11045,5643,6847,14179,2850
BORI,LORALAI,SUB-DIVISION,URBAN,7607,5459,6946,504,157,5459,243
MEKHTAR,LORALAI,SUB-DIVISION,OVERALL,7072,1651,2015,723,4334,4458,1084
MEKHTAR,LORALAI,SUB-DIVISION,RURAL,7072,1651,2015,723,4334,4458,1084
MEKHTAR,LORALAI,SUB-DIVISION,URBAN,,,,,,,
MASTUNG,MASTUNG,DISTRICT,OVERALL,43695,27578,29513,10921,3261,31195,1859
MASTUNG,MASTUNG,DISTRICT,RURAL,38262,23275,24197,10823,3242,26754,1844
MASTUNG,MASTUNG,DISTRICT,URBAN,5433,4303,5316,98,19,4441,15
DASHT,MASTUNG,SUB-DIVISION,OVERALL,10230,6523,7480,1843,907,6953,460
DASHT,MASTUNG,SUB-DIVISION,RURAL,10230,6523,7480,1843,907,6953,460
DASHT,MASTUNG,SUB-DIVISION,URBAN,,,,,,,
KHAD KOCHA,MASTUNG,SUB-TEHSIL,OVERALL,5954,3422,3878,1475,601,4033,233
KHAD KOCHA,MASTUNG,SUB-TEHSIL,RURAL,5954,3422,3878,1475,601,4033,233
KHAD KOCHA,MASTUNG,SUB-TEHSIL,URBAN,,,,,,,
KIRDGAP,MASTUNG,SUB-DIVISION,OVERALL,5024,3234,2231,2133,660,3574,343
KIRDGAP,MASTUNG,SUB-DIVISION,RURAL,5024,3234,2231,2133,660,3574,343
KIRDGAP,MASTUNG,SUB-DIVISION,URBAN,,,,,,,
MASTUNG,MASTUNG,SUB-DIVISION,OVERALL,22487,14399,15924,5470,1093,16635,823
MASTUNG,MASTUNG,SUB-DIVISION,RURAL,17054,10096,10608,5372,1074,12194,808
MASTUNG,MASTUNG,SUB-DIVISION,URBAN,5433,4303,5316,98,19,4441,15
MUSAKHEL,MUSAKHEL,DISTRICT,OVERALL,31252,8599,8352,6219,16681,13281,10533
MUSAKHEL,MUSAKHEL,DISTRICT,RURAL,28892,7309,6117,6147,16628,11821,10500
MUSAKHEL,MUSAKHEL,DISTRICT,URBAN,2360,1290,2235,72,53,1460,33
DRUG,MUSAKHEL,TEHSIL,OVERALL,4799,1355,2434,207,2158,1303,2231
DRUG,MUSAKHEL,TEHSIL,RURAL,4799,1355,2434,207,2158,1303,2231
DRUG,MUSAKHEL,TEHSIL,URBAN,,,,,,,
KINGRI,MUSAKHEL,TEHSIL,OVERALL,6480,1408,1494,316,4670,3833,1943
KINGRI,MUSAKHEL,TEHSIL,RURAL,6480,1408,1494,316,4670,3833,1943
KINGRI,MUSAKHEL,TEHSIL,URBAN,,,,,,,
MUSAKHEL,MUSAKHEL,TEHSIL,OVERALL,7601,3111,2836,2707,2058,3865,1165
MUSAKHEL,MUSAKHEL,TEHSIL,RURAL,5241,1821,601,2635,2005,2405,1132
MUSAKHEL,MUSAKHEL,TEHSIL,URBAN,2360,1290,2235,72,53,1460,33
TIYAR ESSOT,MUSAKHEL,SUB-TEHSIL,OVERALL,1730,936,990,164,576,990,517
TIYAR ESSOT,MUSAKHEL,SUB-TEHSIL,RURAL,1730,936,990,164,576,990,517
TIYAR ESSOT,MUSAKHEL,SUB-TEHSIL,URBAN,,,,,,,
TOISAR,MUSAKHEL,TEHSIL,OVERALL,8443,1189,506,2251,5686,2272,3870
TOISAR,MUSAKHEL,TEHSIL,RURAL,8443,1189,506,2251,5686,2272,3870
TOISAR,MUSAKHEL,TEHSIL,URBAN,,,,,,,
ZIMRI PLASEEN,MUSAKHEL,SUB-TEHSIL,OVERALL,2199,600,92,574,1533,1018,807
ZIMRI PLASEEN,MUSAKHEL,SUB-TEHSIL,RURAL,2199,600,92,574,1533,1018,807
ZIMRI PLASEEN,MUSAKHEL,SUB-TEHSIL,URBAN,,,,,,,
NASIRABAD,NASIRABAD,DISTRICT,OVERALL,87516,32241,26788,25498,35230,31147,36804
NASIRABAD,NASIRABAD,DISTRICT,RURAL,73243,25078,16261,22239,34743,24360,35737
NASIRABAD,NASIRABAD,DISTRICT,URBAN,14273,7163,10527,3259,487,6787,1067
BABA KOT,NASIRABAD,TEHSIL,OVERALL,8675,3215,1344,2428,4903,3316,4790
BABA KOT,NASIRABAD,TEHSIL,RURAL,8675,3215,1344,2428,4903,3316,4790
BABA KOT,NASIRABAD,TEHSIL,URBAN,,,,,,,
CHATTAR,NASIRABAD,SUB-DIVISION,OVERALL,5932,3262,1232,2754,1946,3824,1396
CHATTAR,NASIRABAD,SUB-DIVISION,RURAL,5932,3262,1232,2754,1946,3824,1396
CHATTAR,NASIRABAD,SUB-DIVISION,URBAN,,,,,,,
DERA MURAD JAMALI,NASIRABAD,SUB-DIVISION,OVERALL,39493,14758,17381,12494,9618,13644,11029
DERA MURAD JAMALI,NASIRABAD,SUB-DIVISION,RURAL,25220,7595,6854,9235,9131,6857,9962
DERA MURAD JAMALI,NASIRABAD,SUB-DIVISION,URBAN,14273,7163,10527,3259,487,6787,1067
LANDHI,NASIRABAD,TEHSIL,OVERALL,1516,222,7,386,1123,270,1049
LANDHI,NASIRABAD,TEHSIL,RURAL,1516,222,7,386,1123,270,1049
LANDHI,NASIRABAD,TEHSIL,URBAN,,,,,,,
MIR HASSAN KHOSA,NASIRABAD,TEHSIL,OVERALL,8266,1479,1366,934,5966,1422,6046
MIR HASSAN KHOSA,NASIRABAD,TEHSIL,RURAL,8266,1479,1366,934,5966,1422,6046
MIR HASSAN KHOSA,NASIRABAD,TEHSIL,URBAN,,,,,,,
TAMBOO,NASIRABAD,TEHSIL,OVERALL,23634,9305,5458,6502,11674,8671,12494
TAMBOO,NASIRABAD,TEHSIL,RURAL,23634,9305,5458,6502,11674,8671,12494
TAMBOO,NASIRABAD,TEHSIL,URBAN,,,,,,,
NUSHKI,NUSHKI,DISTRICT,OVERALL,31255,21602,21714,6623,2918,22972,1204
NUSHKI,NUSHKI,DISTRICT,RURAL,23995,16029,16472,4668,2855,17388,1134
NUSHKI,NUSHKI,DISTRICT,URBAN,7260,5573,5242,1955,63,5584,70
DAK,NUSHKI,SUB-TEHSIL,OVERALL,2787,1766,1289,632,866,2397,123
DAK,NUSHKI,SUB-TEHSIL,RURAL,2787,1766,1289,632,866,2397,123
DAK,NUSHKI,SUB-TEHSIL,URBAN,,,,,,,
NUSHKI,NUSHKI,SUB-DIVISION,OVERALL,28468,19836,20425,5991,2052,20575,1081
NUSHKI,NUSHKI,SUB-DIVISION,RURAL,21208,14263,15183,4036,1989,14991,1011
NUSHKI,NUSHKI,SUB-DIVISION,URBAN,7260,5573,5242,1955,63,5584,70
PANJGUR,PANJGUR,DISTRICT,OVERALL,117089,48341,26316,67419,23354,56592,8018
PANJGUR,PANJGUR,DISTRICT,RURAL,87916,38878,20120,48730,19066,46070,6543
PANJGUR,PANJGUR,DISTRICT,URBAN,29173,9463,6196,18689,4288,10522,1475
GICHK,PANJGUR,SUB-TEHSIL,OVERALL,15625,2668,434,6618,8573,5899,1783
GICHK,PANJGUR,SUB-TEHSIL,RURAL,15625,2668,434,6618,8573,5899,1783
GICHK,PANJGUR,SUB-TEHSIL,URBAN,,,,,,,
GOWARGO,PANJGUR,SUB-DIVISION,OVERALL,9059,5307,1231,5003,2825,6159,979
GOWARGO,PANJGUR,SUB-DIVISION,RURAL,9059,5307,1231,5003,2825,6159,979
GOWARGO,PANJGUR,SUB-DIVISION,URBAN,,,,,,,
JAHEEN PAROME,PANJGUR,TEHSIL,OVERALL,6504,2288,433,4018,2053,2637,1173
JAHEEN PAROME,PANJGUR,TEHSIL,RURAL,6504,2288,433,4018,2053,2637,1173
JAHEEN PAROME,PANJGUR,TEHSIL,URBAN,,,,,,,
KALLAG,PANJGUR,SUB-TEHSIL,OVERALL,7281,2398,1808,3917,1556,3060,311
KALLAG,PANJGUR,SUB-TEHSIL,RURAL,7281,2398,1808,3917,1556,3060,311
KALLAG,PANJGUR,SUB-TEHSIL,URBAN,,,,,,,
PANJGUR,PANJGUR,SUB-DIVISION,OVERALL,78620,35680,22410,47863,8347,38837,3772
PANJGUR,PANJGUR,SUB-DIVISION,RURAL,49447,26217,16214,29174,4059,28315,2297
PANJGUR,PANJGUR,SUB-DIVISION,URBAN,29173,9463,6196,18689,4288,10522,1475
PISHIN,PISHIN,DISTRICT,OVERALL,147185,87300,96120,38384,12681,107483,2956
PISHIN,PISHIN,DISTRICT,RURAL,105247,59497,65264,28713,11270,75827,2263
PISHIN,PISHIN,DISTRICT,URBAN,41938,27803,30856,9671,1411,31656,693
BARSHORE,PISHIN,TEHSIL,OVERALL,20036,6595,7097,6689,6250,13569,825
BARSHORE,PISHIN,TEHSIL,RURAL,20036,6595,7097,6689,6250,13569,825
BARSHORE,PISHIN,TEHSIL,URBAN,,,,,,,
BOSTAN,PISHIN,TEHSIL,OVERALL,9256,5190,7329,1664,263,6115,106
BOSTAN,PISHIN,TEHSIL,RURAL,9256,5190,7329,1664,263,6115,106
BOSTAN,PISHIN,TEHSIL,URBAN,,,,,,,
HURRAM ZAI,PISHIN,SUB-DIVISION,OVERALL,25031,17021,22035,2616,380,19390,127
HURRAM ZAI,PISHIN,SUB-DIVISION,RURAL,19417,12769,17430,1632,355,15050,113
HURRAM ZAI,PISHIN,SUB-DIVISION,URBAN,5614,4252,4605,984,25,4340,14
KAREZAT,PISHIN,SUB-DIVISION,OVERALL,9129,5893,3617,4603,909,6873,295
KAREZAT,PISHIN,SUB-DIVISION,RURAL,2205,1264,442,1215,548,1553,195
KAREZAT,PISHIN,SUB-DIVISION,URBAN,6924,4629,3175,3388,361,5320,100
NANA SAHIB,PISHIN,TEHSIL,OVERALL,7639,3462,3053,2652,1934,5538,146
NANA SAHIB,PISHIN,TEHSIL,RURAL,7639,3462,3053,2652,1934,5538,146
NANA SAHIB,PISHIN,TEHSIL,URBAN,,,,,,,
PISHIN,PISHIN,SUB-DIVISION,OVERALL,64523,41678,45654,16073,2796,47476,1387
PISHIN,PISHIN,SUB-DIVISION,RURAL,43312,28144,28647,12813,1852,31056,863
PISHIN,PISHIN,SUB-DIVISION,URBAN,21211,13534,17007,3260,944,16420,524
SARANAN,PISHIN,TEHSIL,OVERALL,11571,7461,7335,4087,149,8522,70
SARANAN,PISHIN,TEHSIL,RURAL,3382,2073,1266,2048,68,2946,15
SARANAN,PISHIN,TEHSIL,URBAN,8189,5388,6069,2039,81,5576,55
QUETTA,QUETTA,DISTRICT,OVERALL,288459,231816,248887,35752,3820,238560,3811
QUETTA,QUETTA,DISTRICT,RURAL,127338,96369,102480,22574,2284,101021,2436
QUETTA,QUETTA,DISTRICT,URBAN,161121,135447,146407,13178,1536,137539,1375
QUETTA,QUETTA,SUB-DIVISION_CITY,OVERALL,144129,120591,132134,10596,1399,122290,1083
QUETTA,QUETTA,SUB-DIVISION_CITY,RURAL,16382,14069,16100,256,26,14130,39
QUETTA,QUETTA,SUB-DIVISION_CITY,URBAN,127747,106522,116034,10340,1373,108160,1044
KUCHLAK,QUETTA,SUB-DIVISION,OVERALL,37214,28091,30693,6007,514,30303,461
KUCHLAK,QUETTA,SUB-DIVISION,RURAL,30680,22652,24945,5236,499,24651,439
KUCHLAK,QUETTA,SUB-DIVISION,URBAN,6534,5439,5748,771,15,5652,22
SADDAR TEHSIL,QUETTA,SUB-DIVISION,OVERALL,34558,28391,29626,3762,1170,29998,1280
SADDAR TEHSIL,QUETTA,SUB-DIVISION,RURAL,14930,11039,11193,2708,1029,12520,1118
SADDAR TEHSIL,QUETTA,SUB-DIVISION,URBAN,19628,17352,18433,1054,141,17478,162
SARIAB,QUETTA,SUB-DIVISION,OVERALL,69160,53235,54642,13979,539,53917,896
SARIAB,QUETTA,SUB-DIVISION,RURAL,61948,47101,48450,12966,532,47668,749
SARIAB,QUETTA,SUB-DIVISION,URBAN,7212,6134,6192,1013,7,6249,147
PANJPAI,QUETTA,SUB-TEHSIL,OVERALL,3398,1508,1792,1408,198,2052,91
PANJPAI,QUETTA,SUB-TEHSIL,RURAL,3398,1508,1792,1408,198,2052,91
PANJPAI,QUETTA,SUB-TEHSIL,URBAN,,,,,,,
SHERANI,SHERANI,DISTRICT,OVERALL,36100,14538,16154,10009,9937,21911,3040
SHERANI,SHERANI,DISTRICT,RURAL,36100,14538,16154,10009,9937,21911,3040
SHERANI,SHERANI,DISTRICT,URBAN,,,,,,,
SHERANI,SHERANI,SUB-DIVISION,OVERALL,36100,14538,16154,10009,9937,21911,3040
SHERANI,SHERANI,SUB-DIVISION,RURAL,36100,14538,16154,10009,9937,21911,3040
SHERANI,SHERANI,SUB-DIVISION,URBAN,,,,,,,
SIBI,SIBI,DISTRICT,OVERALL,31296,18152,20770,6930,3596,17859,4264
SIBI,SIBI,DISTRICT,RURAL,19771,11195,11080,5598,3093,11145,3368
SIBI,SIBI,DISTRICT,URBAN,11525,6957,9690,1332,503,6714,896
KOT MANDAI,SIBI,SUB-TEHSIL,OVERALL,1275,402,299,390,586,479,560
KOT MANDAI,SIBI,SUB-TEHSIL,RURAL,1275,402,299,390,586,479,560
KOT MANDAI,SIBI,SUB-TEHSIL,URBAN,,,,,,,
LEHRI,SIBI,SUB-DIVISION,OVERALL,7598,4356,4059,2393,1146,4162,1488
LEHRI,SIBI,SUB-DIVISION,RURAL,7598,4356,4059,2393,1146,4162,1488
LEHRI,SIBI,SUB-DIVISION,URBAN,,,,,,,
SANGAN,SIBI,SUB-TEHSIL,OVERALL,382,290,115,260,7,295,6
SANGAN,SIBI,SUB-TEHSIL,RURAL,382,290,115,260,7,295,6
SANGAN,SIBI,SUB-TEHSIL,URBAN,,,,,,,
SIBI,SIBI,SUB-DIVISION,OVERALL,22041,13104,16297,3887,1857,12923,2210
SIBI,SIBI,SUB-DIVISION,RURAL,10516,6147,6607,2555,1354,6209,1314
SIBI,SIBI,SUB-DIVISION,URBAN,11525,6957,9690,1332,503,6714,896
SOHBATPUR,SOHBATPUR,DISTRICT,OVERALL,33734,11284,11301,5522,16911,10181,18883
SOHBATPUR,SOHBATPUR,DISTRICT,RURAL,31941,10271,9763,5370,16808,9502,18254
SOHBATPUR,SOHBATPUR,DISTRICT,URBAN,1793,1013,1538,152,103,679,629
FARIDABAD,SOHBATPUR,TEHSIL,OVERALL,9246,2325,2407,918,5921,2117,6287
FARIDABAD,SOHBATPUR,TEHSIL,RURAL,9246,2325,2407,918,5921,2117,6287
FARIDABAD,SOHBATPUR,TEHSIL,URBAN,,,,,,,
HAIR DIN,SOHBATPUR,TEHSIL,OVERALL,2560,502,1130,253,1177,435,1338
HAIR DIN,SOHBATPUR,TEHSIL,RURAL,2560,502,1130,253,1177,435,1338
HAIR DIN,SOHBATPUR,TEHSIL,URBAN,,,,,,,
MANJHIPUR,SOHBATPUR,TEHSIL,OVERALL,3300,1533,1932,519,849,1247,1370
MANJHIPUR,SOHBATPUR,TEHSIL,RURAL,3300,1533,1932,519,849,1247,1370
MANJHIPUR,SOHBATPUR,TEHSIL,URBAN,,,,,,,
PANHWAR,SOHBATPUR,TEHSIL,OVERALL,7742,2654,1707,1609,4426,2788,4336
PANHWAR,SOHBATPUR,TEHSIL,RURAL,7742,2654,1707,1609,4426,2788,4336
PANHWAR,SOHBATPUR,TEHSIL,URBAN,,,,,,,
SAEED MUHAMMAD KANRANI,SOHBATPUR,TEHSIL,OVERALL,2486,406,926,38,1522,369,1565
SAEED MUHAMMAD KANRANI,SOHBATPUR,TEHSIL,RURAL,2486,406,926,38,1522,369,1565
SAEED MUHAMMAD KANRANI,SOHBATPUR,TEHSIL,URBAN,,,,,,,
SOHBATPUR,SOHBATPUR,SUB-DIVISION,OVERALL,8400,3864,3199,2185,3016,3225,3987
SOHBATPUR,SOHBATPUR,SUB-DIVISION,RURAL,6607,2851,1661,2033,2913,2546,3358
SOHBATPUR,SOHBATPUR,SUB-DIVISION,URBAN,1793,1013,1538,152,103,679,629
SURAB,SURAB,DISTRICT,OVERALL,51227,24066,25206,17324,8697,28762,3442
SURAB,SURAB,DISTRICT,RURAL,45045,19882,20715,15698,8632,24498,3370
SURAB,SURAB,DISTRICT,URBAN,6182,4184,4491,1626,65,4264,72
DASHT E GORAN,SURAB,SUB-DIVISION,OVERALL,3291,1932,1193,1061,1037,2423,319
DASHT E GORAN,SURAB,SUB-DIVISION,RURAL,3291,1932,1193,1061,1037,2423,319
DASHT E GORAN,SURAB,SUB-DIVISION,URBAN,,,,,,,
GIDDER,SURAB,SUB-DIVISION,OVERALL,19417,8039,7519,8423,3475,10486,912
GIDDER,SURAB,SUB-DIVISION,RURAL,19417,8039,7519,8423,3475,10486,912
GIDDER,SURAB,SUB-DIVISION,URBAN,,,,,,,
SHAHEED MEHARABAD ZEHRI,SURAB,SUB-DIVISION,OVERALL,13130,4037,7271,3334,2525,4712,1509
SHAHEED MEHARABAD ZEHRI,SURAB,SUB-DIVISION,RURAL,13130,4037,7271,3334,2525,4712,1509
SHAHEED MEHARABAD ZEHRI,SURAB,SUB-DIVISION,URBAN,,,,,,,
SURAB,SURAB,SUB-DIVISION,OVERALL,15389,10058,9223,4506,1660,11141,702
SURAB,SURAB,SUB-DIVISION,RURAL,9207,5874,4732,2880,1595,6877,630
SURAB,SURAB,SUB-DIVISION,URBAN,6182,4184,4491,1626,65,4264,72
WASHUK,WASHUK,DISTRICT,OVERALL,49049,21647,14053,13993,21003,32562,7399
WASHUK,WASHUK,DISTRICT,RURAL,41953,19584,11875,12225,17853,29707,5493
WASHUK,WASHUK,DISTRICT,URBAN,7096,2063,2178,1768,3150,2855,1906
BESIMA,WASHUK,SUB-DIVISION,OVERALL,10555,5030,2410,3459,4686,7397,1616
BESIMA,WASHUK,SUB-DIVISION,RURAL,10555,5030,2410,3459,4686,7397,1616
BESIMA,WASHUK,SUB-DIVISION,URBAN,,,,,,,
MASHKHEL,WASHUK,SUB-DIVISION,OVERALL,12916,7571,6098,3583,3235,9250,1160
MASHKHEL,WASHUK,SUB-DIVISION,RURAL,12916,7571,6098,3583,3235,9250,1160
MASHKHEL,WASHUK,SUB-DIVISION,URBAN,,,,,,,
NAG,WASHUK,SUB-TEHSIL,OVERALL,9707,3058,2128,2111,5468,6004,1582
NAG,WASHUK,SUB-TEHSIL,RURAL,9707,3058,2128,2111,5468,6004,1582
NAG,WASHUK,SUB-TEHSIL,URBAN,,,,,,,
SHAHOO GARHI,WASHUK,SUB-TEHSIL,OVERALL,6208,3008,985,2363,2860,5497,270
SHAHOO GARHI,WASHUK,SUB-TEHSIL,RURAL,6208,3008,985,2363,2860,5497,270
SHAHOO GARHI,WASHUK,SUB-TEHSIL,URBAN,,,,,,,
WASHUK,WASHUK,SUB-DIVISION,OVERALL,9663,2980,2432,2477,4754,4414,2771
WASHUK,WASHUK,SUB-DIVISION,RURAL,2567,917,254,709,1604,1559,865
WASHUK,WASHUK,SUB-DIVISION,URBAN,7096,2063,2178,1768,3150,2855,1906
ZHOB,ZHOB,DISTRICT,OVERALL,47901,19023,22657,7679,17565,30521,4398
ZHOB,ZHOB,DISTRICT,RURAL,41474,15115,16389,7551,17534,26316,4315
ZHOB,ZHOB,DISTRICT,URBAN,6427,3908,6268,128,31,4205,83
ASHWAT,ZHOB,SUB-TEHSIL,OVERALL,2972,198,834,72,2066,1445,278
ASHWAT,ZHOB,SUB-TEHSIL,RURAL,2972,198,834,72,2066,1445,278
ASHWAT,ZHOB,SUB-TEHSIL,URBAN,,,,,,,
KAKAR KHURASAN,ZHOB,SUB-DIVISION,OVERALL,2739,279,224,112,2403,1993,171
KAKAR KHURASAN,ZHOB,SUB-DIVISION,RURAL,2739,279,224,112,2403,1993,171
KAKAR KHURASAN,ZHOB,SUB-DIVISION,URBAN,,,,,,,
KASHATOO,ZHOB,SUB-TEHSIL,OVERALL,783,34,85,4,694,154,387
KASHATOO,ZHOB,SUB-TEHSIL,RURAL,783,34,85,4,694,154,387
KASHATOO,ZHOB,SUB-TEHSIL,URBAN,,,,,,,
SAMBAZA,ZHOB,SUB-TEHSIL,OVERALL,2532,834,592,433,1507,1543,711
SAMBAZA,ZHOB,SUB-TEHSIL,RURAL,2532,834,592,433,1507,1543,711
SAMBAZA,ZHOB,SUB-TEHSIL,URBAN,,,,,,,
ZHOB,ZHOB,SUB-DIVISION,OVERALL,38875,17678,20922,7058,10895,25386,2851
ZHOB,ZHOB,SUB-DIVISION,RURAL,32448,13770,14654,6930,10864,21181,2768
ZHOB,ZHOB,SUB-DIVISION,URBAN,6427,3908,6268,128,31,4205,83
ZIARAT,ZIARAT,DISTRICT,OVERALL,22894,8745,11092,2498,9304,15453,1916
ZIARAT,ZIARAT,DISTRICT,RURAL,17299,6463,8165,1454,7680,11862,1392
ZIARAT,ZIARAT,DISTRICT,URBAN,5595,2282,2927,1044,1624,3591,524
SINJAWI,ZIARAT,SUB-DIVISION,OVERALL,12073,2990,3385,1363,7325,8026,1604
SINJAWI,ZIARAT,SUB-DIVISION,RURAL,7157,910,1078,344,5735,4655,1111
SINJAWI,ZIARAT,SUB-DIVISION,URBAN,4916,2080,2307,1019,1590,3371,493
ZIARAT,ZIARAT,SUB-DIVISION,OVERALL,10821,5755,7707,1135,1979,7427,312
ZIARAT,ZIARAT,SUB-DIVISION,RURAL,10142,5553,7087,1110,1945,7207,281
ZIARAT,ZIARAT,SUB-DIVISION,URBAN,679,202,620,25,34,220,31
