name_admin_unit,part_of_district,admin_unit,hh_type,overall,rural,urban
-HAZARI,JHANG,TEHSIL,KACHA,5013,4775,238
-HAZARI,JHANG,TEHSIL,PAKKA,44150,39134,5016
-HAZARI,JHANG,TEHSIL,SEMI PAKKA,7496,7183,313
-HAZARI,JHANG,TEHSIL,TOTAL,56659,51092,5567
AHMADPUR EAST,BAHAWALPUR,TEHSIL,KACHA,8971,7231,1740
AHMADPUR EAST,BAHAWALPUR,TEHSIL,PAKKA,118933,74755,44178
AHMADPUR EAST,BAHAWALPUR,TEHSIL,SEMI PAKKA,67270,62086,5184
AHMADPUR EAST,BAHAWALPUR,TEHSIL,TOTAL,195174,144072,51102
AHMADPUR SIAL,JHANG,TEHSIL,KACHA,8399,7488,911
AHMADPUR SIAL,JHANG,TEHSIL,PAKKA,57621,45922,11699
AHMADPUR SIAL,JHANG,TEHSIL,SEMI PAKKA,11468,10410,1058
AHMADPUR SIAL,JHANG,TEHSIL,TOTAL,77488,63820,13668
ALIPUR,MUZAFFARGARH,TEHSIL,KACHA,22823,20091,2732
ALIPUR,MUZAFFARGARH,TEHSIL,PAKKA,58479,39076,19403
ALIPUR,MUZAFFARGARH,TEHSIL,SEMI PAKKA,28800,24907,3893
ALIPUR,MUZAFFARGARH,TEHSIL,TOTAL,110102,84074,26028
ARIF WALA,PAKPATTAN,TEHSIL,KACHA,12079,10795,1284
ARIF WALA,PAKPATTAN,TEHSIL,PAKKA,131131,101732,29399
ARIF WALA,PAKPATTAN,TEHSIL,SEMI PAKKA,17676,14624,3052
ARIF WALA,PAKPATTAN,TEHSIL,TOTAL,160886,127151,33735
ATTOCK,ATTOCK,DISTRICT,KACHA,15836,14103,1733
ATTOCK,ATTOCK,DISTRICT,PAKKA,300730,208727,92003
ATTOCK,ATTOCK,DISTRICT,SEMI PAKKA,37407,33744,3663
ATTOCK,ATTOCK,DISTRICT,TOTAL,353973,256574,97399
ATTOCK,ATTOCK,TEHSIL,KACHA,1577,1364,213
ATTOCK,ATTOCK,TEHSIL,PAKKA,74986,32146,42840
ATTOCK,ATTOCK,TEHSIL,SEMI PAKKA,4474,3615,859
ATTOCK,ATTOCK,TEHSIL,TOTAL,81037,37125,43912
BAHAWALNAGAR,BAHAWALNAGAR,DISTRICT,KACHA,75664,67538,8126
BAHAWALNAGAR,BAHAWALNAGAR,DISTRICT,PAKKA,383565,257416,126149
BAHAWALNAGAR,BAHAWALNAGAR,DISTRICT,SEMI PAKKA,98387,76365,22022
BAHAWALNAGAR,BAHAWALNAGAR,DISTRICT,TOTAL,557616,401319,156297
BAHAWALNAGAR,BAHAWALNAGAR,TEHSIL,KACHA,21015,19778,1237
BAHAWALNAGAR,BAHAWALNAGAR,TEHSIL,PAKKA,106836,67615,39221
BAHAWALNAGAR,BAHAWALNAGAR,TEHSIL,SEMI PAKKA,26261,20958,5303
BAHAWALNAGAR,BAHAWALNAGAR,TEHSIL,TOTAL,154112,108351,45761
BAHAWALPUR,BAHAWALPUR,DISTRICT,KACHA,42798,35155,7643
BAHAWALPUR,BAHAWALPUR,DISTRICT,PAKKA,501686,268937,232749
BAHAWALPUR,BAHAWALPUR,DISTRICT,SEMI PAKKA,128953,112388,16565
BAHAWALPUR,BAHAWALPUR,DISTRICT,TOTAL,673437,416480,256957
BAHAWALPUR CITY,BAHAWALPUR,TEHSIL,KACHA,2853,,2853
BAHAWALPUR CITY,BAHAWALPUR,TEHSIL,PAKKA,122740,,122740
BAHAWALPUR CITY,BAHAWALPUR,TEHSIL,SEMI PAKKA,6454,,6454
BAHAWALPUR CITY,BAHAWALPUR,TEHSIL,TOTAL,132047,,132047
BAHAWALPUR SADDAR,BAHAWALPUR,TEHSIL,KACHA,5461,5131,330
BAHAWALPUR SADDAR,BAHAWALPUR,TEHSIL,PAKKA,80074,58314,21760
BAHAWALPUR SADDAR,BAHAWALPUR,TEHSIL,SEMI PAKKA,19649,18753,896
BAHAWALPUR SADDAR,BAHAWALPUR,TEHSIL,TOTAL,105184,82198,22986
BHAKKAR,BHAKKAR,DISTRICT,KACHA,39586,36260,3326
BHAKKAR,BHAKKAR,DISTRICT,PAKKA,225505,177770,47735
BHAKKAR,BHAKKAR,DISTRICT,SEMI PAKKA,48220,43112,5108
BHAKKAR,BHAKKAR,DISTRICT,TOTAL,313311,257142,56169
BHAKKAR,BHAKKAR,TEHSIL,KACHA,15806,14262,1544
BHAKKAR,BHAKKAR,TEHSIL,PAKKA,87708,65636,22072
BHAKKAR,BHAKKAR,TEHSIL,SEMI PAKKA,20621,19164,1457
BHAKKAR,BHAKKAR,TEHSIL,TOTAL,124135,99062,25073
BHALWAL,SARGODHA,TEHSIL,KACHA,3410,2595,815
BHALWAL,SARGODHA,TEHSIL,PAKKA,38899,22320,16579
BHALWAL,SARGODHA,TEHSIL,SEMI PAKKA,25345,16967,8378
BHALWAL,SARGODHA,TEHSIL,TOTAL,67654,41882,25772
BHAWANA,CHINIOT,TEHSIL,KACHA,6857,6726,131
BHAWANA,CHINIOT,TEHSIL,PAKKA,55650,49944,5706
BHAWANA,CHINIOT,TEHSIL,SEMI PAKKA,6926,6663,263
BHAWANA,CHINIOT,TEHSIL,TOTAL,69433,63333,6100
BHERA,SARGODHA,TEHSIL,KACHA,5013,3545,1468
BHERA,SARGODHA,TEHSIL,PAKKA,39656,28811,10845
BHERA,SARGODHA,TEHSIL,SEMI PAKKA,20241,13467,6774
BHERA,SARGODHA,TEHSIL,TOTAL,64910,45823,19087
BUREWALA,VEHARI,TEHSIL,KACHA,8258,6876,1382
BUREWALA,VEHARI,TEHSIL,PAKKA,167619,114512,53107
BUREWALA,VEHARI,TEHSIL,SEMI PAKKA,14473,11798,2675
BUREWALA,VEHARI,TEHSIL,TOTAL,190350,133186,57164
CHAK JHUMRA,FAISALABAD,TEHSIL,KACHA,2285,1924,361
CHAK JHUMRA,FAISALABAD,TEHSIL,PAKKA,43043,35342,7701
CHAK JHUMRA,FAISALABAD,TEHSIL,SEMI PAKKA,11330,10004,1326
CHAK JHUMRA,FAISALABAD,TEHSIL,TOTAL,56658,47270,9388
CHAKWAL,CHAKWAL,DISTRICT,KACHA,8930,7175,1755
CHAKWAL,CHAKWAL,DISTRICT,PAKKA,255217,191386,63831
CHAKWAL,CHAKWAL,DISTRICT,SEMI PAKKA,24691,19661,5030
CHAKWAL,CHAKWAL,DISTRICT,TOTAL,288838,218222,70616
CHAKWAL,CHAKWAL,TEHSIL,KACHA,3067,2017,1050
CHAKWAL,CHAKWAL,TEHSIL,PAKKA,111803,76670,35133
CHAKWAL,CHAKWAL,TEHSIL,SEMI PAKKA,12031,8785,3246
CHAKWAL,CHAKWAL,TEHSIL,TOTAL,126901,87472,39429
CHICHAWATNI,SAHIWAL,TEHSIL,KACHA,9236,9065,171
CHICHAWATNI,SAHIWAL,TEHSIL,PAKKA,153767,137146,16621
CHICHAWATNI,SAHIWAL,TEHSIL,SEMI PAKKA,13267,12273,994
CHICHAWATNI,SAHIWAL,TEHSIL,TOTAL,176270,158484,17786
CHINIOT,CHINIOT,DISTRICT,KACHA,23126,20770,2356
CHINIOT,CHINIOT,DISTRICT,PAKKA,199798,128341,71457
CHINIOT,CHINIOT,DISTRICT,SEMI PAKKA,33514,24232,9282
CHINIOT,CHINIOT,DISTRICT,TOTAL,256438,173343,83095
CHINIOT,CHINIOT,TEHSIL,KACHA,6449,4948,1501
CHINIOT,CHINIOT,TEHSIL,PAKKA,86227,39982,46245
CHINIOT,CHINIOT,TEHSIL,SEMI PAKKA,11200,6297,4903
CHINIOT,CHINIOT,TEHSIL,TOTAL,103876,51227,52649
CHISHTIAN,BAHAWALNAGAR,TEHSIL,KACHA,14308,12764,1544
CHISHTIAN,BAHAWALNAGAR,TEHSIL,PAKKA,98172,67243,30929
CHISHTIAN,BAHAWALNAGAR,TEHSIL,SEMI PAKKA,21101,15992,5109
CHISHTIAN,BAHAWALNAGAR,TEHSIL,TOTAL,133581,95999,37582
CHOA SAIDAN SHAH,CHAKWAL,TEHSIL,KACHA,674,441,233
CHOA SAIDAN SHAH,CHAKWAL,TEHSIL,PAKKA,23942,18244,5698
CHOA SAIDAN SHAH,CHAKWAL,TEHSIL,SEMI PAKKA,2060,1886,174
CHOA SAIDAN SHAH,CHAKWAL,TEHSIL,TOTAL,26676,20571,6105
CHOUBARA,LAYYAH,TEHSIL,KACHA,3451,2705,746
CHOUBARA,LAYYAH,TEHSIL,PAKKA,34837,27501,7336
CHOUBARA,LAYYAH,TEHSIL,SEMI PAKKA,5744,5194,550
CHOUBARA,LAYYAH,TEHSIL,TOTAL,44032,35400,8632
CHOWK SARWAR SHAHEED,MUZAFFARGARH,TEHSIL,KACHA,8283,7981,302
CHOWK SARWAR SHAHEED,MUZAFFARGARH,TEHSIL,PAKKA,51461,41626,9835
CHOWK SARWAR SHAHEED,MUZAFFARGARH,TEHSIL,SEMI PAKKA,6426,5959,467
CHOWK SARWAR SHAHEED,MUZAFFARGARH,TEHSIL,TOTAL,66170,55566,10604
CHUNIAN,KASUR,TEHSIL,KACHA,7830,7052,778
CHUNIAN,KASUR,TEHSIL,PAKKA,131920,101863,30057
CHUNIAN,KASUR,TEHSIL,SEMI PAKKA,19148,15734,3414
CHUNIAN,KASUR,TEHSIL,TOTAL,158898,124649,34249
DARYA KHAN,BHAKKAR,TEHSIL,KACHA,8498,7759,739
DARYA KHAN,BHAKKAR,TEHSIL,PAKKA,51709,38184,13525
DARYA KHAN,BHAKKAR,TEHSIL,SEMI PAKKA,10276,8780,1496
DARYA KHAN,BHAKKAR,TEHSIL,TOTAL,70483,54723,15760
DASKA,SIALKOT,TEHSIL,KACHA,3859,3462,397
DASKA,SIALKOT,TEHSIL,PAKKA,123252,86067,37185
DASKA,SIALKOT,TEHSIL,SEMI PAKKA,16555,15295,1260
DASKA,SIALKOT,TEHSIL,TOTAL,143666,104824,38842
DEPALPUR,OKARA,TEHSIL,KACHA,22829,20529,2300
DEPALPUR,OKARA,TEHSIL,PAKKA,201952,134516,67436
DEPALPUR,OKARA,TEHSIL,SEMI PAKKA,29698,24189,5509
DEPALPUR,OKARA,TEHSIL,TOTAL,254479,179234,75245
DERA GHAZI KHAN,DERA GHAZI KHAN,DISTRICT,KACHA,141920,131802,10118
DERA GHAZI KHAN,DERA GHAZI KHAN,DISTRICT,PAKKA,241554,144696,96858
DERA GHAZI KHAN,DERA GHAZI KHAN,DISTRICT,SEMI PAKKA,70990,63367,7623
DERA GHAZI KHAN,DERA GHAZI KHAN,DISTRICT,TOTAL,454464,339865,114599
DERA GHAZI KHAN,DERA GHAZI KHAN,TEHSIL,KACHA,32539,28764,3775
DERA GHAZI KHAN,DERA GHAZI KHAN,TEHSIL,PAKKA,124580,58906,65674
DERA GHAZI KHAN,DERA GHAZI KHAN,TEHSIL,SEMI PAKKA,20583,16332,4251
DERA GHAZI KHAN,DERA GHAZI KHAN,TEHSIL,TOTAL,177702,104002,73700
DINA,JHELUM,TEHSIL,KACHA,502,360,142
DINA,JHELUM,TEHSIL,PAKKA,42132,25714,16418
DINA,JHELUM,TEHSIL,SEMI PAKKA,1751,1542,209
DINA,JHELUM,TEHSIL,TOTAL,44385,27616,16769
DUNYAPUR,LODHRAN,TEHSIL,KACHA,8861,8582,279
DUNYAPUR,LODHRAN,TEHSIL,PAKKA,70215,62599,7616
DUNYAPUR,LODHRAN,TEHSIL,SEMI PAKKA,12232,11588,644
DUNYAPUR,LODHRAN,TEHSIL,TOTAL,91308,82769,8539
FAISALABAD,FAISALABAD,DISTRICT,KACHA,35459,29280,6179
FAISALABAD,FAISALABAD,DISTRICT,PAKKA,1237096,598494,638602
FAISALABAD,FAISALABAD,DISTRICT,SEMI PAKKA,110218,86798,23420
FAISALABAD,FAISALABAD,DISTRICT,TOTAL,1382773,714572,668201
FAISALABAD CITY,FAISALABAD,TEHSIL,KACHA,3852,,3852
FAISALABAD CITY,FAISALABAD,TEHSIL,PAKKA,537660,,537660
FAISALABAD CITY,FAISALABAD,TEHSIL,SEMI PAKKA,15138,,15138
FAISALABAD CITY,FAISALABAD,TEHSIL,TOTAL,556650,,556650
FAISALABAD SADAR,FAISALABAD,TEHSIL,KACHA,7005,6488,517
FAISALABAD SADAR,FAISALABAD,TEHSIL,PAKKA,237921,224301,13620
FAISALABAD SADAR,FAISALABAD,TEHSIL,SEMI PAKKA,23759,22354,1405
FAISALABAD SADAR,FAISALABAD,TEHSIL,TOTAL,268685,253143,15542
FATEH JANG,ATTOCK,TEHSIL,KACHA,2350,2172,178
FATEH JANG,ATTOCK,TEHSIL,PAKKA,51701,39655,12046
FATEH JANG,ATTOCK,TEHSIL,SEMI PAKKA,6080,5722,358
FATEH JANG,ATTOCK,TEHSIL,TOTAL,60131,47549,12582
FEROZEWALA,SHEIKHUPURA,TEHSIL,KACHA,3239,2438,801
FEROZEWALA,SHEIKHUPURA,TEHSIL,PAKKA,132782,86097,46685
FEROZEWALA,SHEIKHUPURA,TEHSIL,SEMI PAKKA,8428,6808,1620
FEROZEWALA,SHEIKHUPURA,TEHSIL,TOTAL,144449,95343,49106
FORT ABBAS,BAHAWALNAGAR,TEHSIL,KACHA,11630,9989,1641
FORT ABBAS,BAHAWALNAGAR,TEHSIL,PAKKA,54028,37091,16937
FORT ABBAS,BAHAWALNAGAR,TEHSIL,SEMI PAKKA,10396,8689,1707
FORT ABBAS,BAHAWALNAGAR,TEHSIL,TOTAL,76054,55769,20285
GOJRA,TOBA TEK SINGH,TEHSIL,KACHA,3802,3091,711
GOJRA,TOBA TEK SINGH,TEHSIL,PAKKA,98988,68219,30769
GOJRA,TOBA TEK SINGH,TEHSIL,SEMI PAKKA,11863,9538,2325
GOJRA,TOBA TEK SINGH,TEHSIL,TOTAL,114653,80848,33805
GUJAR KHAN,RAWALPINDI,TEHSIL,KACHA,2137,1996,141
GUJAR KHAN,RAWALPINDI,TEHSIL,PAKKA,120528,100040,20488
GUJAR KHAN,RAWALPINDI,TEHSIL,SEMI PAKKA,7943,7452,491
GUJAR KHAN,RAWALPINDI,TEHSIL,TOTAL,130608,109488,21120
GUJRANWALA,GUJRANWALA,DISTRICT,KACHA,17801,10670,7131
GUJRANWALA,GUJRANWALA,DISTRICT,PAKKA,741932,254491,487441
GUJRANWALA,GUJRANWALA,DISTRICT,SEMI PAKKA,89444,68028,21416
GUJRANWALA,GUJRANWALA,DISTRICT,TOTAL,849177,333189,515988
GUJRANWALA CITY,GUJRANWALA,TEHSIL,KACHA,4437,,4437
GUJRANWALA CITY,GUJRANWALA,TEHSIL,PAKKA,343826,,343826
GUJRANWALA CITY,GUJRANWALA,TEHSIL,SEMI PAKKA,8024,,8024
GUJRANWALA CITY,GUJRANWALA,TEHSIL,TOTAL,356287,,356287
GUJRANWALA SADDAR,GUJRANWALA,TEHSIL,KACHA,4770,4123,647
GUJRANWALA SADDAR,GUJRANWALA,TEHSIL,PAKKA,146126,95031,51095
GUJRANWALA SADDAR,GUJRANWALA,TEHSIL,SEMI PAKKA,17808,14879,2929
GUJRANWALA SADDAR,GUJRANWALA,TEHSIL,TOTAL,168704,114033,54671
GUJRAT,GUJRAT,DISTRICT,KACHA,10534,5933,4601
GUJRAT,GUJRAT,DISTRICT,PAKKA,428939,246202,182737
GUJRAT,GUJRAT,DISTRICT,SEMI PAKKA,49864,32472,17392
GUJRAT,GUJRAT,DISTRICT,TOTAL,489337,284607,204730
GUJRAT,GUJRAT,TEHSIL,KACHA,6276,2935,3341
GUJRAT,GUJRAT,TEHSIL,PAKKA,232896,103999,128897
GUJRAT,GUJRAT,TEHSIL,SEMI PAKKA,26772,12980,13792
GUJRAT,GUJRAT,TEHSIL,TOTAL,265944,119914,146030
HAFIZABAD,HAFIZABAD,DISTRICT,KACHA,8013,6240,1773
HAFIZABAD,HAFIZABAD,DISTRICT,PAKKA,153252,89546,63706
HAFIZABAD,HAFIZABAD,DISTRICT,SEMI PAKKA,35941,24472,11469
HAFIZABAD,HAFIZABAD,DISTRICT,TOTAL,197206,120258,76948
HAFIZABAD,HAFIZABAD,TEHSIL,KACHA,3395,2362,1033
HAFIZABAD,HAFIZABAD,TEHSIL,PAKKA,87487,43923,43564
HAFIZABAD,HAFIZABAD,TEHSIL,SEMI PAKKA,21276,13844,7432
HAFIZABAD,HAFIZABAD,TEHSIL,TOTAL,112158,60129,52029
HAROONABAD,BAHAWALNAGAR,TEHSIL,KACHA,10627,8021,2606
HAROONABAD,BAHAWALNAGAR,TEHSIL,PAKKA,65574,41528,24046
HAROONABAD,BAHAWALNAGAR,TEHSIL,SEMI PAKKA,20145,13166,6979
HAROONABAD,BAHAWALNAGAR,TEHSIL,TOTAL,96346,62715,33631
HASAN ABDAL,ATTOCK,TEHSIL,KACHA,2005,1536,469
HASAN ABDAL,ATTOCK,TEHSIL,PAKKA,35249,25010,10239
HASAN ABDAL,ATTOCK,TEHSIL,SEMI PAKKA,2581,2300,281
HASAN ABDAL,ATTOCK,TEHSIL,TOTAL,39835,28846,10989
HASILPUR,BAHAWALPUR,TEHSIL,KACHA,8219,6022,2197
HASILPUR,BAHAWALPUR,TEHSIL,PAKKA,65395,37584,27811
HASILPUR,BAHAWALPUR,TEHSIL,SEMI PAKKA,10475,7687,2788
HASILPUR,BAHAWALPUR,TEHSIL,TOTAL,84089,51293,32796
HAZRO,ATTOCK,TEHSIL,KACHA,1916,1670,246
HAZRO,ATTOCK,TEHSIL,PAKKA,51927,43541,8386
HAZRO,ATTOCK,TEHSIL,SEMI PAKKA,8286,7417,869
HAZRO,ATTOCK,TEHSIL,TOTAL,62129,52628,9501
ISAKHEL,MIANWALI,TEHSIL,KACHA,10613,9279,1334
ISAKHEL,MIANWALI,TEHSIL,PAKKA,43230,31272,11958
ISAKHEL,MIANWALI,TEHSIL,SEMI PAKKA,12428,9819,2609
ISAKHEL,MIANWALI,TEHSIL,TOTAL,66271,50370,15901
JAHANIAN,KHANEWAL,TEHSIL,KACHA,4531,4341,190
JAHANIAN,KHANEWAL,TEHSIL,PAKKA,50404,42809,7595
JAHANIAN,KHANEWAL,TEHSIL,SEMI PAKKA,6218,5790,428
JAHANIAN,KHANEWAL,TEHSIL,TOTAL,61153,52940,8213
JALALPUR PIRWALA,MULTAN,TEHSIL,KACHA,16205,14675,1530
JALALPUR PIRWALA,MULTAN,TEHSIL,PAKKA,60717,48907,11810
JALALPUR PIRWALA,MULTAN,TEHSIL,SEMI PAKKA,27961,26297,1664
JALALPUR PIRWALA,MULTAN,TEHSIL,TOTAL,104883,89879,15004
JAMPUR,RAJANPUR,TEHSIL,KACHA,64054,55234,8820
JAMPUR,RAJANPUR,TEHSIL,PAKKA,62875,31256,31619
JAMPUR,RAJANPUR,TEHSIL,SEMI PAKKA,24029,18755,5274
JAMPUR,RAJANPUR,TEHSIL,TOTAL,150958,105245,45713
JAND,ATTOCK,TEHSIL,KACHA,4494,4292,202
JAND,ATTOCK,TEHSIL,PAKKA,45827,36465,9362
JAND,ATTOCK,TEHSIL,SEMI PAKKA,7139,6855,284
JAND,ATTOCK,TEHSIL,TOTAL,57460,47612,9848
JARANWALA,FAISALABAD,TEHSIL,KACHA,11913,11314,599
JARANWALA,FAISALABAD,TEHSIL,PAKKA,217509,179835,37674
JARANWALA,FAISALABAD,TEHSIL,SEMI PAKKA,35097,31696,3401
JARANWALA,FAISALABAD,TEHSIL,TOTAL,264519,222845,41674
JATOI,MUZAFFARGARH,TEHSIL,KACHA,30027,25532,4495
JATOI,MUZAFFARGARH,TEHSIL,PAKKA,65560,43721,21839
JATOI,MUZAFFARGARH,TEHSIL,SEMI PAKKA,42058,32333,9725
JATOI,MUZAFFARGARH,TEHSIL,TOTAL,137645,101586,36059
JHANG,JHANG,DISTRICT,KACHA,40004,36817,3187
JHANG,JHANG,DISTRICT,PAKKA,397371,276167,121204
JHANG,JHANG,DISTRICT,SEMI PAKKA,54624,45157,9467
JHANG,JHANG,DISTRICT,TOTAL,491999,358141,133858
JHANG,JHANG,TEHSIL,KACHA,16915,15092,1823
JHANG,JHANG,TEHSIL,PAKKA,223399,129067,94332
JHANG,JHANG,TEHSIL,SEMI PAKKA,23718,16572,7146
JHANG,JHANG,TEHSIL,TOTAL,264032,160731,103301
JHELUM,JHELUM,DISTRICT,KACHA,7057,5485,1572
JHELUM,JHELUM,DISTRICT,PAKKA,188131,104889,83242
JHELUM,JHELUM,DISTRICT,SEMI PAKKA,33876,28464,5412
JHELUM,JHELUM,DISTRICT,TOTAL,229064,138838,90226
JHELUM,JHELUM,TEHSIL,KACHA,1755,1125,630
JHELUM,JHELUM,TEHSIL,PAKKA,76306,26604,49702
JHELUM,JHELUM,TEHSIL,SEMI PAKKA,4985,3367,1618
JHELUM,JHELUM,TEHSIL,TOTAL,83046,31096,51950
KABIRWALA,KHANEWAL,TEHSIL,KACHA,25211,24240,971
KABIRWALA,KHANEWAL,TEHSIL,PAKKA,113939,89478,24461
KABIRWALA,KHANEWAL,TEHSIL,SEMI PAKKA,28260,26428,1832
KABIRWALA,KHANEWAL,TEHSIL,TOTAL,167410,140146,27264
KAHROR PACCA,LODHRAN,TEHSIL,KACHA,8593,7536,1057
KAHROR PACCA,LODHRAN,TEHSIL,PAKKA,78525,57633,20892
KAHROR PACCA,LODHRAN,TEHSIL,SEMI PAKKA,17406,14953,2453
KAHROR PACCA,LODHRAN,TEHSIL,TOTAL,104524,80122,24402
KAHUTA,RAWALPINDI,TEHSIL,KACHA,647,613,34
KAHUTA,RAWALPINDI,TEHSIL,PAKKA,41442,27798,13644
KAHUTA,RAWALPINDI,TEHSIL,SEMI PAKKA,1559,1509,50
KAHUTA,RAWALPINDI,TEHSIL,TOTAL,43648,29920,13728
KALLAR KAHAR,CHAKWAL,TEHSIL,KACHA,728,492,236
KALLAR KAHAR,CHAKWAL,TEHSIL,PAKKA,30856,23721,7135
KALLAR KAHAR,CHAKWAL,TEHSIL,SEMI PAKKA,2315,1494,821
KALLAR KAHAR,CHAKWAL,TEHSIL,TOTAL,33899,25707,8192
KALLAR SAYADDAN,RAWALPINDI,TEHSIL,KACHA,377,296,81
KALLAR SAYADDAN,RAWALPINDI,TEHSIL,PAKKA,39572,29663,9909
KALLAR SAYADDAN,RAWALPINDI,TEHSIL,SEMI PAKKA,1671,1488,183
KALLAR SAYADDAN,RAWALPINDI,TEHSIL,TOTAL,41620,31447,10173
KALUR KOT,BHAKKAR,TEHSIL,KACHA,7059,6879,180
KALUR KOT,BHAKKAR,TEHSIL,PAKKA,49037,42727,6310
KALUR KOT,BHAKKAR,TEHSIL,SEMI PAKKA,9597,8393,1204
KALUR KOT,BHAKKAR,TEHSIL,TOTAL,65693,57999,7694
KAMALIA,TOBA TEK SINGH,TEHSIL,KACHA,4059,3491,568
KAMALIA,TOBA TEK SINGH,TEHSIL,PAKKA,57045,32591,24454
KAMALIA,TOBA TEK SINGH,TEHSIL,SEMI PAKKA,6821,4066,2755
KAMALIA,TOBA TEK SINGH,TEHSIL,TOTAL,67925,40148,27777
KAMOKE,GUJRANWALA,TEHSIL,KACHA,2598,1672,926
KAMOKE,GUJRANWALA,TEHSIL,PAKKA,74380,36966,37414
KAMOKE,GUJRANWALA,TEHSIL,SEMI PAKKA,17258,13140,4118
KAMOKE,GUJRANWALA,TEHSIL,TOTAL,94236,51778,42458
KAROR LAL ESAN,LAYYAH,TEHSIL,KACHA,11704,11151,553
KAROR LAL ESAN,LAYYAH,TEHSIL,PAKKA,84873,71546,13327
KAROR LAL ESAN,LAYYAH,TEHSIL,SEMI PAKKA,13189,12422,767
KAROR LAL ESAN,LAYYAH,TEHSIL,TOTAL,109766,95119,14647
KASUR,KASUR,DISTRICT,KACHA,25679,21645,4034
KASUR,KASUR,DISTRICT,PAKKA,540354,360788,179566
KASUR,KASUR,DISTRICT,SEMI PAKKA,79275,60611,18664
KASUR,KASUR,DISTRICT,TOTAL,645308,443044,202264
KASUR,KASUR,TEHSIL,KACHA,8834,6676,2158
KASUR,KASUR,TEHSIL,PAKKA,212409,110888,101521
KASUR,KASUR,TEHSIL,SEMI PAKKA,32203,20541,11662
KASUR,KASUR,TEHSIL,TOTAL,253446,138105,115341
KHAIRPUR TAMEWALI,BAHAWALPUR,TEHSIL,KACHA,3899,3703,196
KHAIRPUR TAMEWALI,BAHAWALPUR,TEHSIL,PAKKA,35366,28031,7335
KHAIRPUR TAMEWALI,BAHAWALPUR,TEHSIL,SEMI PAKKA,9180,8748,432
KHAIRPUR TAMEWALI,BAHAWALPUR,TEHSIL,TOTAL,48445,40482,7963
KHANEWAL,KHANEWAL,DISTRICT,KACHA,47228,44160,3068
KHANEWAL,KHANEWAL,DISTRICT,PAKKA,420871,314344,106527
KHANEWAL,KHANEWAL,DISTRICT,SEMI PAKKA,58097,51815,6282
KHANEWAL,KHANEWAL,DISTRICT,TOTAL,526196,410319,115877
KHANEWAL,KHANEWAL,TEHSIL,KACHA,10112,8619,1493
KHANEWAL,KHANEWAL,TEHSIL,PAKKA,128894,83105,45789
KHANEWAL,KHANEWAL,TEHSIL,SEMI PAKKA,13096,10014,3082
KHANEWAL,KHANEWAL,TEHSIL,TOTAL,152102,101738,50364
KHANPUR,RAHIM YAR KHAN,TEHSIL,KACHA,17045,15302,1743
KHANPUR,RAHIM YAR KHAN,TEHSIL,PAKKA,118551,76438,42113
KHANPUR,RAHIM YAR KHAN,TEHSIL,SEMI PAKKA,35232,31193,4039
KHANPUR,RAHIM YAR KHAN,TEHSIL,TOTAL,170828,122933,47895
KHARIAN,GUJRAT,TEHSIL,KACHA,3445,2517,928
KHARIAN,GUJRAT,TEHSIL,PAKKA,155744,112654,43090
KHARIAN,GUJRAT,TEHSIL,SEMI PAKKA,20068,16811,3257
KHARIAN,GUJRAT,TEHSIL,TOTAL,179257,131982,47275
KHUSHAB,KHUSHAB,DISTRICT,KACHA,16790,13809,2981
KHUSHAB,KHUSHAB,DISTRICT,PAKKA,176020,126122,49898
KHUSHAB,KHUSHAB,DISTRICT,SEMI PAKKA,55494,40652,14842
KHUSHAB,KHUSHAB,DISTRICT,TOTAL,248304,180583,67721
KHUSHAB,KHUSHAB,TEHSIL,KACHA,8290,5911,2379
KHUSHAB,KHUSHAB,TEHSIL,PAKKA,92988,50899,42089
KHUSHAB,KHUSHAB,TEHSIL,SEMI PAKKA,31110,18010,13100
KHUSHAB,KHUSHAB,TEHSIL,TOTAL,132388,74820,57568
KOH-E-SULEMAN,DERA GHAZI KHAN,TEHSIL,KACHA,26470,26470,
KOH-E-SULEMAN,DERA GHAZI KHAN,TEHSIL,PAKKA,6324,6324,
KOH-E-SULEMAN,DERA GHAZI KHAN,TEHSIL,SEMI PAKKA,8344,8344,
KOH-E-SULEMAN,DERA GHAZI KHAN,TEHSIL,TOTAL,41138,41138,
KOT ADDU,MUZAFFARGARH,TEHSIL,KACHA,32332,30393,1939
KOT ADDU,MUZAFFARGARH,TEHSIL,PAKKA,126649,94803,31846
KOT ADDU,MUZAFFARGARH,TEHSIL,SEMI PAKKA,26361,21640,4721
KOT ADDU,MUZAFFARGARH,TEHSIL,TOTAL,185342,146836,38506
KOT CHHUTTA,DERA GHAZI KHAN,TEHSIL,KACHA,40474,38140,2334
KOT CHHUTTA,DERA GHAZI KHAN,TEHSIL,PAKKA,57508,45873,11635
KOT CHHUTTA,DERA GHAZI KHAN,TEHSIL,SEMI PAKKA,16974,15640,1334
KOT CHHUTTA,DERA GHAZI KHAN,TEHSIL,TOTAL,114956,99653,15303
KOT MOMIN,SARGODHA,TEHSIL,KACHA,6977,6499,478
KOT MOMIN,SARGODHA,TEHSIL,PAKKA,48807,42210,6597
KOT MOMIN,SARGODHA,TEHSIL,SEMI PAKKA,23672,21185,2487
KOT MOMIN,SARGODHA,TEHSIL,TOTAL,79456,69894,9562
KOT RADHA KISHAN,KASUR,TEHSIL,KACHA,2308,1947,361
KOT RADHA KISHAN,KASUR,TEHSIL,PAKKA,51984,38009,13975
KOT RADHA KISHAN,KASUR,TEHSIL,SEMI PAKKA,6762,5628,1134
KOT RADHA KISHAN,KASUR,TEHSIL,TOTAL,61054,45584,15470
KOTLI SATTIAN,RAWALPINDI,TEHSIL,KACHA,2615,2228,387
KOTLI SATTIAN,RAWALPINDI,TEHSIL,PAKKA,15213,11659,3554
KOTLI SATTIAN,RAWALPINDI,TEHSIL,SEMI PAKKA,3079,2750,329
KOTLI SATTIAN,RAWALPINDI,TEHSIL,TOTAL,20907,16637,4270
LAHORE,LAHORE,DISTRICT,KACHA,39037,,39037
LAHORE,LAHORE,DISTRICT,PAKKA,1935611,,1935611
LAHORE,LAHORE,DISTRICT,SEMI PAKKA,35577,,35577
LAHORE,LAHORE,DISTRICT,TOTAL,2010225,,2010225
LAHORE CANTT,LAHORE,TEHSIL,KACHA,6019,,6019
LAHORE CANTT,LAHORE,TEHSIL,PAKKA,286365,,286365
LAHORE CANTT,LAHORE,TEHSIL,SEMI PAKKA,4141,,4141
LAHORE CANTT,LAHORE,TEHSIL,TOTAL,296525,,296525
LAHORE CITY,LAHORE,TEHSIL,KACHA,12652,,12652
LAHORE CITY,LAHORE,TEHSIL,PAKKA,606547,,606547
LAHORE CITY,LAHORE,TEHSIL,SEMI PAKKA,9398,,9398
LAHORE CITY,LAHORE,TEHSIL,TOTAL,628597,,628597
LALIAN,CHINIOT,TEHSIL,KACHA,9820,9096,724
LALIAN,CHINIOT,TEHSIL,PAKKA,57921,38415,19506
LALIAN,CHINIOT,TEHSIL,SEMI PAKKA,15388,11272,4116
LALIAN,CHINIOT,TEHSIL,TOTAL,83129,58783,24346
LAWA,CHAKWAL,TEHSIL,KACHA,1681,1571,110
LAWA,CHAKWAL,TEHSIL,PAKKA,17605,15064,2541
LAWA,CHAKWAL,TEHSIL,SEMI PAKKA,2915,2480,435
LAWA,CHAKWAL,TEHSIL,TOTAL,22201,19115,3086
LAYYAH,LAYYAH,DISTRICT,KACHA,34068,31655,2413
LAYYAH,LAYYAH,DISTRICT,PAKKA,267120,208926,58194
LAYYAH,LAYYAH,DISTRICT,SEMI PAKKA,39943,36745,3198
LAYYAH,LAYYAH,DISTRICT,TOTAL,341131,277326,63805
LAYYAH,LAYYAH,TEHSIL,KACHA,18913,17799,1114
LAYYAH,LAYYAH,TEHSIL,PAKKA,147410,109879,37531
LAYYAH,LAYYAH,TEHSIL,SEMI PAKKA,21010,19129,1881
LAYYAH,LAYYAH,TEHSIL,TOTAL,187333,146807,40526
LIAQUAT PUR,RAHIM YAR KHAN,TEHSIL,KACHA,18652,18080,572
LIAQUAT PUR,RAHIM YAR KHAN,TEHSIL,PAKKA,106796,92873,13923
LIAQUAT PUR,RAHIM YAR KHAN,TEHSIL,SEMI PAKKA,52383,51282,1101
LIAQUAT PUR,RAHIM YAR KHAN,TEHSIL,TOTAL,177831,162235,15596
LODHRAN,LODHRAN,DISTRICT,KACHA,27002,25281,1721
LODHRAN,LODHRAN,DISTRICT,PAKKA,246571,195329,51242
LODHRAN,LODHRAN,DISTRICT,SEMI PAKKA,50293,46443,3850
LODHRAN,LODHRAN,DISTRICT,TOTAL,323866,267053,56813
LODHRAN,LODHRAN,TEHSIL,KACHA,9548,9163,385
LODHRAN,LODHRAN,TEHSIL,PAKKA,97831,75097,22734
LODHRAN,LODHRAN,TEHSIL,SEMI PAKKA,20655,19902,753
LODHRAN,LODHRAN,TEHSIL,TOTAL,128034,104162,23872
MAILSI,VEHARI,TEHSIL,KACHA,12085,10559,1526
MAILSI,VEHARI,TEHSIL,PAKKA,142659,112374,30285
MAILSI,VEHARI,TEHSIL,SEMI PAKKA,23253,21333,1920
MAILSI,VEHARI,TEHSIL,TOTAL,177997,144266,33731
MALAKWAL,MANDI BAHAUDDIN,TEHSIL,KACHA,3124,2687,437
MALAKWAL,MANDI BAHAUDDIN,TEHSIL,PAKKA,50431,43076,7355
MALAKWAL,MANDI BAHAUDDIN,TEHSIL,SEMI PAKKA,15297,14333,964
MALAKWAL,MANDI BAHAUDDIN,TEHSIL,TOTAL,68852,60096,8756
MANDI BAHAUDDIN,MANDI BAHAUDDIN,DISTRICT,KACHA,9629,8124,1505
MANDI BAHAUDDIN,MANDI BAHAUDDIN,DISTRICT,PAKKA,225613,175647,49966
MANDI BAHAUDDIN,MANDI BAHAUDDIN,DISTRICT,SEMI PAKKA,50747,46801,3946
MANDI BAHAUDDIN,MANDI BAHAUDDIN,DISTRICT,TOTAL,285989,230572,55417
MANDI BAHAUDDIN,MANDI BAHAUDDIN,TEHSIL,KACHA,3504,2564,940
MANDI BAHAUDDIN,MANDI BAHAUDDIN,TEHSIL,PAKKA,98797,65360,33437
MANDI BAHAUDDIN,MANDI BAHAUDDIN,TEHSIL,SEMI PAKKA,15479,13053,2426
MANDI BAHAUDDIN,MANDI BAHAUDDIN,TEHSIL,TOTAL,117780,80977,36803
MANKERA,BHAKKAR,TEHSIL,KACHA,8223,7360,863
MANKERA,BHAKKAR,TEHSIL,PAKKA,37051,31223,5828
MANKERA,BHAKKAR,TEHSIL,SEMI PAKKA,7726,6775,951
MANKERA,BHAKKAR,TEHSIL,TOTAL,53000,45358,7642
MIAN CHANNU,KHANEWAL,TEHSIL,KACHA,7374,6960,414
MIAN CHANNU,KHANEWAL,TEHSIL,PAKKA,127634,98952,28682
MIAN CHANNU,KHANEWAL,TEHSIL,SEMI PAKKA,10523,9583,940
MIAN CHANNU,KHANEWAL,TEHSIL,TOTAL,145531,115495,30036
MIANWALI,MIANWALI,DISTRICT,KACHA,30108,27115,2993
MIANWALI,MIANWALI,DISTRICT,PAKKA,214514,162151,52363
MIANWALI,MIANWALI,DISTRICT,SEMI PAKKA,51717,42927,8790
MIANWALI,MIANWALI,DISTRICT,TOTAL,296339,232193,64146
MIANWALI,MIANWALI,TEHSIL,KACHA,12144,11337,807
MIANWALI,MIANWALI,TEHSIL,PAKKA,115426,89005,26421
MIANWALI,MIANWALI,TEHSIL,SEMI PAKKA,26624,23450,3174
MIANWALI,MIANWALI,TEHSIL,TOTAL,154194,123792,30402
MINCHINABAD,BAHAWALNAGAR,TEHSIL,KACHA,18084,16986,1098
MINCHINABAD,BAHAWALNAGAR,TEHSIL,PAKKA,58955,43939,15016
MINCHINABAD,BAHAWALNAGAR,TEHSIL,SEMI PAKKA,20484,17560,2924
MINCHINABAD,BAHAWALNAGAR,TEHSIL,TOTAL,97523,78485,19038
MODEL TOWN,LAHORE,TEHSIL,KACHA,10506,,10506
MODEL TOWN,LAHORE,TEHSIL,PAKKA,473707,,473707
MODEL TOWN,LAHORE,TEHSIL,SEMI PAKKA,8131,,8131
MODEL TOWN,LAHORE,TEHSIL,TOTAL,492344,,492344
MULTAN,MULTAN,DISTRICT,KACHA,82000,69271,12729
MULTAN,MULTAN,DISTRICT,PAKKA,686034,319304,366730
MULTAN,MULTAN,DISTRICT,SEMI PAKKA,118358,88173,30185
MULTAN,MULTAN,DISTRICT,TOTAL,886392,476748,409644
MULTAN CITY,MULTAN,TEHSIL,KACHA,10682,3301,7381
MULTAN CITY,MULTAN,TEHSIL,PAKKA,376732,55149,321583
MULTAN CITY,MULTAN,TEHSIL,SEMI PAKKA,29377,5276,24101
MULTAN CITY,MULTAN,TEHSIL,TOTAL,416791,63726,353065
MULTAN SADDAR,MULTAN,TEHSIL,KACHA,30925,30366,559
MULTAN SADDAR,MULTAN,TEHSIL,PAKKA,180801,167483,13318
MULTAN SADDAR,MULTAN,TEHSIL,SEMI PAKKA,38347,37167,1180
MULTAN SADDAR,MULTAN,TEHSIL,TOTAL,250073,235016,15057
MURIDKE,SHEIKHUPURA,TEHSIL,KACHA,2031,1606,425
MURIDKE,SHEIKHUPURA,TEHSIL,PAKKA,83047,40509,42538
MURIDKE,SHEIKHUPURA,TEHSIL,SEMI PAKKA,16955,13153,3802
MURIDKE,SHEIKHUPURA,TEHSIL,TOTAL,102033,55268,46765
MURREE,RAWALPINDI,TEHSIL,KACHA,1899,1849,50
MURREE,RAWALPINDI,TEHSIL,PAKKA,39887,35951,3936
MURREE,RAWALPINDI,TEHSIL,SEMI PAKKA,3494,3398,96
MURREE,RAWALPINDI,TEHSIL,TOTAL,45280,41198,4082
MUZAFFARGARH,MUZAFFARGARH,DISTRICT,KACHA,158107,146867,11240
MUZAFFARGARH,MUZAFFARGARH,DISTRICT,PAKKA,488335,369160,119175
MUZAFFARGARH,MUZAFFARGARH,DISTRICT,SEMI PAKKA,157996,136586,21410
MUZAFFARGARH,MUZAFFARGARH,DISTRICT,TOTAL,804438,652613,151825
MUZAFFARGARH,MUZAFFARGARH,TEHSIL,KACHA,64642,62870,1772
MUZAFFARGARH,MUZAFFARGARH,TEHSIL,PAKKA,186186,149934,36252
MUZAFFARGARH,MUZAFFARGARH,TEHSIL,SEMI PAKKA,54351,51747,2604
MUZAFFARGARH,MUZAFFARGARH,TEHSIL,TOTAL,305179,264551,40628
NANKANA SAHIB,NANKANA SAHIB,DISTRICT,KACHA,16618,15416,1202
NANKANA SAHIB,NANKANA SAHIB,DISTRICT,PAKKA,185031,142592,42439
NANKANA SAHIB,NANKANA SAHIB,DISTRICT,SEMI PAKKA,45307,38161,7146
NANKANA SAHIB,NANKANA SAHIB,DISTRICT,TOTAL,246956,196169,50787
NANKANA SAHIB,NANKANA SAHIB,TEHSIL,KACHA,13654,13426,228
NANKANA SAHIB,NANKANA SAHIB,TEHSIL,PAKKA,117325,100168,17157
NANKANA SAHIB,NANKANA SAHIB,TEHSIL,SEMI PAKKA,29440,26314,3126
NANKANA SAHIB,NANKANA SAHIB,TEHSIL,TOTAL,160419,139908,20511
NAROWAL,NAROWAL,DISTRICT,KACHA,9787,9165,622
NAROWAL,NAROWAL,DISTRICT,PAKKA,233108,182177,50931
NAROWAL,NAROWAL,DISTRICT,SEMI PAKKA,38641,35888,2753
NAROWAL,NAROWAL,DISTRICT,TOTAL,281536,227230,54306
NAROWAL,NAROWAL,TEHSIL,KACHA,2780,2484,296
NAROWAL,NAROWAL,TEHSIL,PAKKA,83222,58663,24559
NAROWAL,NAROWAL,TEHSIL,SEMI PAKKA,14369,12709,1660
NAROWAL,NAROWAL,TEHSIL,TOTAL,100371,73856,26515
NOOR PUR,KHUSHAB,TEHSIL,KACHA,3034,2949,85
NOOR PUR,KHUSHAB,TEHSIL,PAKKA,42590,39502,3088
NOOR PUR,KHUSHAB,TEHSIL,SEMI PAKKA,5485,5019,466
NOOR PUR,KHUSHAB,TEHSIL,TOTAL,51109,47470,3639
NOWSHERA,KHUSHAB,TEHSIL,KACHA,1335,1224,111
NOWSHERA,KHUSHAB,TEHSIL,PAKKA,18414,15483,2931
NOWSHERA,KHUSHAB,TEHSIL,SEMI PAKKA,2531,2421,110
NOWSHERA,KHUSHAB,TEHSIL,TOTAL,22280,19128,3152
NOWSHERA VIRKAN,GUJRANWALA,TEHSIL,KACHA,2475,2322,153
NOWSHERA VIRKAN,GUJRANWALA,TEHSIL,PAKKA,61725,55245,6480
NOWSHERA VIRKAN,GUJRANWALA,TEHSIL,SEMI PAKKA,23369,22050,1319
NOWSHERA VIRKAN,GUJRANWALA,TEHSIL,TOTAL,87569,79617,7952
OKARA,OKARA,DISTRICT,KACHA,36491,31958,4533
OKARA,OKARA,DISTRICT,PAKKA,453858,283489,170369
OKARA,OKARA,DISTRICT,SEMI PAKKA,59375,45199,14176
OKARA,OKARA,DISTRICT,TOTAL,549724,360646,189078
OKARA,OKARA,TEHSIL,KACHA,10447,8481,1966
OKARA,OKARA,TEHSIL,PAKKA,184285,95136,89149
OKARA,OKARA,TEHSIL,SEMI PAKKA,21343,13661,7682
OKARA,OKARA,TEHSIL,TOTAL,216075,117278,98797
PAKPATTAN,PAKPATTAN,DISTRICT,KACHA,30096,27719,2377
PAKPATTAN,PAKPATTAN,DISTRICT,PAKKA,273335,204617,68718
PAKPATTAN,PAKPATTAN,DISTRICT,SEMI PAKKA,41115,35080,6035
PAKPATTAN,PAKPATTAN,DISTRICT,TOTAL,344546,267416,77130
PAKPATTAN,PAKPATTAN,TEHSIL,KACHA,18017,16924,1093
PAKPATTAN,PAKPATTAN,TEHSIL,PAKKA,142204,102885,39319
PAKPATTAN,PAKPATTAN,TEHSIL,SEMI PAKKA,23439,20456,2983
PAKPATTAN,PAKPATTAN,TEHSIL,TOTAL,183660,140265,43395
PASRUR,SIALKOT,TEHSIL,KACHA,6295,5672,623
PASRUR,SIALKOT,TEHSIL,PAKKA,111938,93515,18423
PASRUR,SIALKOT,TEHSIL,SEMI PAKKA,21101,20139,962
PASRUR,SIALKOT,TEHSIL,TOTAL,139334,119326,20008
PATTOKI,KASUR,TEHSIL,KACHA,6707,5970,737
PATTOKI,KASUR,TEHSIL,PAKKA,144041,110028,34013
PATTOKI,KASUR,TEHSIL,SEMI PAKKA,21162,18708,2454
PATTOKI,KASUR,TEHSIL,TOTAL,171910,134706,37204
PHALIA,MANDI BAHAUDDIN,TEHSIL,KACHA,3001,2873,128
PHALIA,MANDI BAHAUDDIN,TEHSIL,PAKKA,76385,67211,9174
PHALIA,MANDI BAHAUDDIN,TEHSIL,SEMI PAKKA,19971,19415,556
PHALIA,MANDI BAHAUDDIN,TEHSIL,TOTAL,99357,89499,9858
PIND DADAN KHAN,JHELUM,TEHSIL,KACHA,4466,3778,688
PIND DADAN KHAN,JHELUM,TEHSIL,PAKKA,34125,26577,7548
PIND DADAN KHAN,JHELUM,TEHSIL,SEMI PAKKA,25008,21879,3129
PIND DADAN KHAN,JHELUM,TEHSIL,TOTAL,63599,52234,11365
PINDI BHATTIAN,HAFIZABAD,TEHSIL,KACHA,4618,3878,740
PINDI BHATTIAN,HAFIZABAD,TEHSIL,PAKKA,65765,45623,20142
PINDI BHATTIAN,HAFIZABAD,TEHSIL,SEMI PAKKA,14665,10628,4037
PINDI BHATTIAN,HAFIZABAD,TEHSIL,TOTAL,85048,60129,24919
PINDI GHEB,ATTOCK,TEHSIL,KACHA,3494,3069,425
PINDI GHEB,ATTOCK,TEHSIL,PAKKA,41040,31910,9130
PINDI GHEB,ATTOCK,TEHSIL,SEMI PAKKA,8847,7835,1012
PINDI GHEB,ATTOCK,TEHSIL,TOTAL,53381,42814,10567
PIPLAN,MIANWALI,TEHSIL,KACHA,7351,6499,852
PIPLAN,MIANWALI,TEHSIL,PAKKA,55858,41874,13984
PIPLAN,MIANWALI,TEHSIL,SEMI PAKKA,12665,9658,3007
PIPLAN,MIANWALI,TEHSIL,TOTAL,75874,58031,17843
PIRMAHAL,TOBA TEK SINGH,TEHSIL,KACHA,5278,5129,149
PIRMAHAL,TOBA TEK SINGH,TEHSIL,PAKKA,67013,57397,9616
PIRMAHAL,TOBA TEK SINGH,TEHSIL,SEMI PAKKA,5522,5197,325
PIRMAHAL,TOBA TEK SINGH,TEHSIL,TOTAL,77813,67723,10090
PUNJAB,,PROVINCE,KACHA,1441023,1241601,199422
PUNJAB,,PROVINCE,PAKKA,16031117,8549032,7482085
PUNJAB,,PROVINCE,SEMI PAKKA,2367840,1921679,446161
PUNJAB,,PROVINCE,TOTAL,19839980,11712312,8127668
QUAIDABAD,KHUSHAB,TEHSIL,KACHA,4131,3725,406
QUAIDABAD,KHUSHAB,TEHSIL,PAKKA,22028,20238,1790
QUAIDABAD,KHUSHAB,TEHSIL,SEMI PAKKA,16368,15202,1166
QUAIDABAD,KHUSHAB,TEHSIL,TOTAL,42527,39165,3362
RAHIM YAR KHAN,RAHIM YAR KHAN,DISTRICT,KACHA,95538,90801,4737
RAHIM YAR KHAN,RAHIM YAR KHAN,DISTRICT,PAKKA,557630,364285,193345
RAHIM YAR KHAN,RAHIM YAR KHAN,DISTRICT,SEMI PAKKA,173774,161996,11778
RAHIM YAR KHAN,RAHIM YAR KHAN,DISTRICT,TOTAL,826942,617082,209860
RAHIM YAR KHAN,RAHIM YAR KHAN,TEHSIL,KACHA,26066,24734,1332
RAHIM YAR KHAN,RAHIM YAR KHAN,TEHSIL,PAKKA,193522,104401,89121
RAHIM YAR KHAN,RAHIM YAR KHAN,TEHSIL,SEMI PAKKA,47268,43523,3745
RAHIM YAR KHAN,RAHIM YAR KHAN,TEHSIL,TOTAL,266856,172658,94198
RAIWIND,LAHORE,TEHSIL,KACHA,5270,,5270
RAIWIND,LAHORE,TEHSIL,PAKKA,157242,,157242
RAIWIND,LAHORE,TEHSIL,SEMI PAKKA,8167,,8167
RAIWIND,LAHORE,TEHSIL,TOTAL,170679,,170679
RAJANPUR,RAJANPUR,DE-EXCLUDED_AREA,KACHA,4708,4708,
RAJANPUR,RAJANPUR,DE-EXCLUDED_AREA,PAKKA,483,483,
RAJANPUR,RAJANPUR,DE-EXCLUDED_AREA,SEMI PAKKA,1247,1247,
RAJANPUR,RAJANPUR,DE-EXCLUDED_AREA,TOTAL,6438,6438,
RAJANPUR,RAJANPUR,DISTRICT,KACHA,152953,137486,15467
RAJANPUR,RAJANPUR,DISTRICT,PAKKA,141395,71491,69904
RAJANPUR,RAJANPUR,DISTRICT,SEMI PAKKA,59668,48528,11140
RAJANPUR,RAJANPUR,DISTRICT,TOTAL,354016,257505,96511
RAJANPUR,RAJANPUR,TEHSIL,KACHA,38291,31890,6401
RAJANPUR,RAJANPUR,TEHSIL,PAKKA,65331,29516,35815
RAJANPUR,RAJANPUR,TEHSIL,SEMI PAKKA,26003,20322,5681
RAJANPUR,RAJANPUR,TEHSIL,TOTAL,129625,81728,47897
RAWALPINDI,RAWALPINDI,DISTRICT,KACHA,15125,9129,5996
RAWALPINDI,RAWALPINDI,DISTRICT,PAKKA,954371,293976,660395
RAWALPINDI,RAWALPINDI,DISTRICT,SEMI PAKKA,28504,22157,6347
RAWALPINDI,RAWALPINDI,DISTRICT,TOTAL,998000,325262,672738
RAWALPINDI,RAWALPINDI,TEHSIL,KACHA,6377,1448,4929
RAWALPINDI,RAWALPINDI,TEHSIL,PAKKA,574295,56231,518064
RAWALPINDI,RAWALPINDI,TEHSIL,SEMI PAKKA,9076,4529,4547
RAWALPINDI,RAWALPINDI,TEHSIL,TOTAL,589748,62208,527540
RENALA KHURD,OKARA,TEHSIL,KACHA,3215,2948,267
RENALA KHURD,OKARA,TEHSIL,PAKKA,67621,53837,13784
RENALA KHURD,OKARA,TEHSIL,SEMI PAKKA,8334,7349,985
RENALA KHURD,OKARA,TEHSIL,TOTAL,79170,64134,15036
ROJHAN,RAJANPUR,TEHSIL,KACHA,45900,45654,246
ROJHAN,RAJANPUR,TEHSIL,PAKKA,12706,10236,2470
ROJHAN,RAJANPUR,TEHSIL,SEMI PAKKA,8389,8204,185
ROJHAN,RAJANPUR,TEHSIL,TOTAL,66995,64094,2901
SADIQABAD,RAHIM YAR KHAN,TEHSIL,KACHA,33775,32685,1090
SADIQABAD,RAHIM YAR KHAN,TEHSIL,PAKKA,138761,90573,48188
SADIQABAD,RAHIM YAR KHAN,TEHSIL,SEMI PAKKA,38891,35998,2893
SADIQABAD,RAHIM YAR KHAN,TEHSIL,TOTAL,211427,159256,52171
SAFDARABAD,SHEIKHUPURA,TEHSIL,KACHA,1467,1078,389
SAFDARABAD,SHEIKHUPURA,TEHSIL,PAKKA,36235,25515,10720
SAFDARABAD,SHEIKHUPURA,TEHSIL,SEMI PAKKA,7820,5737,2083
SAFDARABAD,SHEIKHUPURA,TEHSIL,TOTAL,45522,32330,13192
SAHIWAL,SAHIWAL,DISTRICT,KACHA,20333,18443,1890
SAHIWAL,SAHIWAL,DISTRICT,PAKKA,394320,279640,114680
SAHIWAL,SAHIWAL,DISTRICT,SEMI PAKKA,31953,26365,5588
SAHIWAL,SAHIWAL,DISTRICT,TOTAL,446606,324448,122158
SAHIWAL,SAHIWAL,TEHSIL,KACHA,11097,9378,1719
SAHIWAL,SAHIWAL,TEHSIL,PAKKA,240553,142494,98059
SAHIWAL,SAHIWAL,TEHSIL,SEMI PAKKA,18686,14092,4594
SAHIWAL,SAHIWAL,TEHSIL,TOTAL,270336,165964,104372
SAHIWAL,SARGODHA,TEHSIL,KACHA,4972,4641,331
SAHIWAL,SARGODHA,TEHSIL,PAKKA,47437,35978,11459
SAHIWAL,SARGODHA,TEHSIL,SEMI PAKKA,10381,7193,3188
SAHIWAL,SARGODHA,TEHSIL,TOTAL,62790,47812,14978
SAMBRIAL,SIALKOT,TEHSIL,KACHA,1855,1404,451
SAMBRIAL,SIALKOT,TEHSIL,PAKKA,63520,41771,21749
SAMBRIAL,SIALKOT,TEHSIL,SEMI PAKKA,6305,5258,1047
SAMBRIAL,SIALKOT,TEHSIL,TOTAL,71680,48433,23247
SAMMUNDRI,FAISALABAD,TEHSIL,KACHA,2761,2097,664
SAMMUNDRI,FAISALABAD,TEHSIL,PAKKA,96903,68085,28818
SAMMUNDRI,FAISALABAD,TEHSIL,SEMI PAKKA,11209,9697,1512
SAMMUNDRI,FAISALABAD,TEHSIL,TOTAL,110873,79879,30994
SANGLA HILL,NANKANA SAHIB,TEHSIL,KACHA,1318,754,564
SANGLA HILL,NANKANA SAHIB,TEHSIL,PAKKA,30736,17828,12908
SANGLA HILL,NANKANA SAHIB,TEHSIL,SEMI PAKKA,9127,6505,2622
SANGLA HILL,NANKANA SAHIB,TEHSIL,TOTAL,41181,25087,16094
SARAI ALAMGIR,GUJRAT,TEHSIL,KACHA,813,481,332
SARAI ALAMGIR,GUJRAT,TEHSIL,PAKKA,40299,29549,10750
SARAI ALAMGIR,GUJRAT,TEHSIL,SEMI PAKKA,3024,2681,343
SARAI ALAMGIR,GUJRAT,TEHSIL,TOTAL,44136,32711,11425
SARGODHA,SARGODHA,DISTRICT,KACHA,49287,39203,10084
SARGODHA,SARGODHA,DISTRICT,PAKKA,466251,263432,202819
SARGODHA,SARGODHA,DISTRICT,SEMI PAKKA,168783,122341,46442
SARGODHA,SARGODHA,DISTRICT,TOTAL,684321,424976,259345
SARGODHA,SARGODHA,TEHSIL,KACHA,17217,10986,6231
SARGODHA,SARGODHA,TEHSIL,PAKKA,210406,68557,141849
SARGODHA,SARGODHA,TEHSIL,SEMI PAKKA,52856,34055,18801
SARGODHA,SARGODHA,TEHSIL,TOTAL,280479,113598,166881
SHAH KOT,NANKANA SAHIB,TEHSIL,KACHA,1646,1236,410
SHAH KOT,NANKANA SAHIB,TEHSIL,PAKKA,36970,24596,12374
SHAH KOT,NANKANA SAHIB,TEHSIL,SEMI PAKKA,6740,5342,1398
SHAH KOT,NANKANA SAHIB,TEHSIL,TOTAL,45356,31174,14182
SHAHPUR,SARGODHA,TEHSIL,KACHA,6561,5973,588
SHAHPUR,SARGODHA,TEHSIL,PAKKA,38455,28859,9596
SHAHPUR,SARGODHA,TEHSIL,SEMI PAKKA,25168,19383,5785
SHAHPUR,SARGODHA,TEHSIL,TOTAL,70184,54215,15969
SHAKARGARH,NAROWAL,TEHSIL,KACHA,3970,3708,262
SHAKARGARH,NAROWAL,TEHSIL,PAKKA,90323,71822,18501
SHAKARGARH,NAROWAL,TEHSIL,SEMI PAKKA,14441,13588,853
SHAKARGARH,NAROWAL,TEHSIL,TOTAL,108734,89118,19616
SHALIMAR,LAHORE,TEHSIL,KACHA,4590,,4590
SHALIMAR,LAHORE,TEHSIL,PAKKA,411750,,411750
SHALIMAR,LAHORE,TEHSIL,SEMI PAKKA,5740,,5740
SHALIMAR,LAHORE,TEHSIL,TOTAL,422080,,422080
SHARAK PUR,SHEIKHUPURA,TEHSIL,KACHA,1164,1087,77
SHARAK PUR,SHEIKHUPURA,TEHSIL,PAKKA,30157,22703,7454
SHARAK PUR,SHEIKHUPURA,TEHSIL,SEMI PAKKA,4327,4035,292
SHARAK PUR,SHEIKHUPURA,TEHSIL,TOTAL,35648,27825,7823
SHEIKHUPURA,SHEIKHUPURA,DISTRICT,KACHA,14657,11722,2935
SHEIKHUPURA,SHEIKHUPURA,DISTRICT,PAKKA,513119,297864,215255
SHEIKHUPURA,SHEIKHUPURA,DISTRICT,SEMI PAKKA,65484,52560,12924
SHEIKHUPURA,SHEIKHUPURA,DISTRICT,TOTAL,593260,362146,231114
SHEIKHUPURA,SHEIKHUPURA,TEHSIL,KACHA,6756,5513,1243
SHEIKHUPURA,SHEIKHUPURA,TEHSIL,PAKKA,230898,123040,107858
SHEIKHUPURA,SHEIKHUPURA,TEHSIL,SEMI PAKKA,27954,22827,5127
SHEIKHUPURA,SHEIKHUPURA,TEHSIL,TOTAL,265608,151380,114228
SHORKOT,JHANG,TEHSIL,KACHA,9677,9462,215
SHORKOT,JHANG,TEHSIL,PAKKA,72201,62044,10157
SHORKOT,JHANG,TEHSIL,SEMI PAKKA,11942,10992,950
SHORKOT,JHANG,TEHSIL,TOTAL,93820,82498,11322
SHUJABAD,MULTAN,TEHSIL,KACHA,24188,20929,3259
SHUJABAD,MULTAN,TEHSIL,PAKKA,67784,47765,20019
SHUJABAD,MULTAN,TEHSIL,SEMI PAKKA,22673,19433,3240
SHUJABAD,MULTAN,TEHSIL,TOTAL,114645,88127,26518
SIALKOT,SIALKOT,DISTRICT,KACHA,15758,12705,3053
SIALKOT,SIALKOT,DISTRICT,PAKKA,604148,386468,217680
SIALKOT,SIALKOT,DISTRICT,SEMI PAKKA,51414,46433,4981
SIALKOT,SIALKOT,DISTRICT,TOTAL,671320,445606,225714
SIALKOT,SIALKOT,TEHSIL,KACHA,3749,2167,1582
SIALKOT,SIALKOT,TEHSIL,PAKKA,305438,165115,140323
SIALKOT,SIALKOT,TEHSIL,SEMI PAKKA,7453,5741,1712
SIALKOT,SIALKOT,TEHSIL,TOTAL,316640,173023,143617
SILLANWALI,SARGODHA,TEHSIL,KACHA,5137,4964,173
SILLANWALI,SARGODHA,TEHSIL,PAKKA,42591,36697,5894
SILLANWALI,SARGODHA,TEHSIL,SEMI PAKKA,11120,10091,1029
SILLANWALI,SARGODHA,TEHSIL,TOTAL,58848,51752,7096
SOHAWA,JHELUM,TEHSIL,KACHA,334,222,112
SOHAWA,JHELUM,TEHSIL,PAKKA,35568,25994,9574
SOHAWA,JHELUM,TEHSIL,SEMI PAKKA,2132,1676,456
SOHAWA,JHELUM,TEHSIL,TOTAL,38034,27892,10142
TALA GANG,CHAKWAL,TEHSIL,KACHA,2780,2654,126
TALA GANG,CHAKWAL,TEHSIL,PAKKA,71011,57687,13324
TALA GANG,CHAKWAL,TEHSIL,SEMI PAKKA,5370,5016,354
TALA GANG,CHAKWAL,TEHSIL,TOTAL,79161,65357,13804
TANDLIAN WALA,FAISALABAD,TEHSIL,KACHA,7643,7457,186
TANDLIAN WALA,FAISALABAD,TEHSIL,PAKKA,104060,90931,13129
TANDLIAN WALA,FAISALABAD,TEHSIL,SEMI PAKKA,13685,13047,638
TANDLIAN WALA,FAISALABAD,TEHSIL,TOTAL,125388,111435,13953
TAUNSA,DERA GHAZI KHAN,TEHSIL,KACHA,42437,38428,4009
TAUNSA,DERA GHAZI KHAN,TEHSIL,PAKKA,53142,33593,19549
TAUNSA,DERA GHAZI KHAN,TEHSIL,SEMI PAKKA,25089,23051,2038
TAUNSA,DERA GHAZI KHAN,TEHSIL,TOTAL,120668,95072,25596
TAXILA,RAWALPINDI,TEHSIL,KACHA,1073,699,374
TAXILA,RAWALPINDI,TEHSIL,PAKKA,123434,32634,90800
TAXILA,RAWALPINDI,TEHSIL,SEMI PAKKA,1682,1031,651
TAXILA,RAWALPINDI,TEHSIL,TOTAL,126189,34364,91825
TOBA TEK SINGH,TOBA TEK SINGH,DISTRICT,KACHA,19412,17505,1907
TOBA TEK SINGH,TOBA TEK SINGH,DISTRICT,PAKKA,338172,255051,83121
TOBA TEK SINGH,TOBA TEK SINGH,DISTRICT,SEMI PAKKA,36312,29798,6514
TOBA TEK SINGH,TOBA TEK SINGH,DISTRICT,TOTAL,393896,302354,91542
TOBA TEK SINGH,TOBA TEK SINGH,TEHSIL,KACHA,6273,5794,479
TOBA TEK SINGH,TOBA TEK SINGH,TEHSIL,PAKKA,115126,96844,18282
TOBA TEK SINGH,TOBA TEK SINGH,TEHSIL,SEMI PAKKA,12106,10997,1109
TOBA TEK SINGH,TOBA TEK SINGH,TEHSIL,TOTAL,133505,113635,19870
VEHARI,VEHARI,DISTRICT,KACHA,28592,25194,3398
VEHARI,VEHARI,DISTRICT,PAKKA,460560,345117,115443
VEHARI,VEHARI,DISTRICT,SEMI PAKKA,53884,48160,5724
VEHARI,VEHARI,DISTRICT,TOTAL,543036,418471,124565
VEHARI,VEHARI,TEHSIL,KACHA,8249,7759,490
VEHARI,VEHARI,TEHSIL,PAKKA,150282,118231,32051
VEHARI,VEHARI,TEHSIL,SEMI PAKKA,16158,15029,1129
VEHARI,VEHARI,TEHSIL,TOTAL,174689,141019,33670
WAZIRABAD,GUJRANWALA,TEHSIL,KACHA,3521,2553,968
WAZIRABAD,GUJRANWALA,TEHSIL,PAKKA,115875,67249,48626
WAZIRABAD,GUJRANWALA,TEHSIL,SEMI PAKKA,22985,17959,5026
WAZIRABAD,GUJRANWALA,TEHSIL,TOTAL,142381,87761,54620
YAZMAN,BAHAWALPUR,TEHSIL,KACHA,13395,13068,327
YAZMAN,BAHAWALPUR,TEHSIL,PAKKA,79178,70253,8925
YAZMAN,BAHAWALPUR,TEHSIL,SEMI PAKKA,15925,15114,811
YAZMAN,BAHAWALPUR,TEHSIL,TOTAL,108498,98435,10063
ZAFARWAL,NAROWAL,TEHSIL,KACHA,3037,2973,64
ZAFARWAL,NAROWAL,TEHSIL,PAKKA,59563,51692,7871
ZAFARWAL,NAROWAL,TEHSIL,SEMI PAKKA,9831,9591,240
ZAFARWAL,NAROWAL,TEHSIL,TOTAL,72431,64256,8175
