name_admin_unit,part_of_district,admin_unit,region,all_structures,high_rise_res,high_rise_econ,high_rise_res_econ,normal_res,normal_econ,normal_res_econ,other_jughi,other_under_constr
BADIN,BADIN,DISTRICT,OVERALL,378353,13,1,7,314154,41598,3326,16267,2987
BADIN,BADIN,DISTRICT,RURAL,298454,3,,1,257307,24756,1618,13064,1705
BADIN,BADIN,DISTRICT,URBAN,79899,10,1,6,56847,16842,1708,3203,1282
BADIN,BADIN,TALUKA,OVERALL,96237,1,1,5,82885,10212,916,1392,825
BADIN,BADIN,TALUKA,RURAL,70593,,,,63796,5328,222,893,354
BADIN,BADIN,TALUKA,URBAN,25644,1,1,5,19089,4884,694,499,471
GOLARCHI (S.F.RAHU),BADIN,TALUKA,OVERALL,69987,,,,57674,7028,815,4053,417
GOLARCHI (S.F.RAHU),BADIN,TALUKA,RURAL,59414,,,,49969,4645,595,3901,304
GOLARCHI (S.F.RAHU),BADIN,TALUKA,URBAN,10573,,,,7705,2383,220,152,113
MATLI,BADIN,TALUKA,OVERALL,86841,9,,1,69606,10608,855,4998,764
MATLI,BADIN,TALUKA,RURAL,68319,,,,56385,6719,317,4543,355
MATLI,BADIN,TALUKA,URBAN,18522,9,,1,13221,3889,538,455,409
TALHAR,BADIN,TALUKA,OVERALL,39877,,,,33828,4877,130,690,352
TALHAR,BADIN,TALUKA,RURAL,28487,,,,25562,2341,84,298,202
TALHAR,BADIN,TALUKA,URBAN,11390,,,,8266,2536,46,392,150
TANDO BAGO,BADIN,TALUKA,OVERALL,85411,3,,1,70161,8873,610,5134,629
TANDO BAGO,BADIN,TALUKA,RURAL,71641,3,,1,61595,5723,400,3429,490
TANDO BAGO,BADIN,TALUKA,URBAN,13770,,,,8566,3150,210,1705,139
DADU,DADU,DISTRICT,OVERALL,267865,26,4,33,200827,38571,4627,19724,4053
DADU,DADU,DISTRICT,RURAL,194369,3,,16,147707,23233,1480,19262,2668
DADU,DADU,DISTRICT,URBAN,73496,23,4,17,53120,15338,3147,462,1385
DADU,DADU,TALUKA,OVERALL,74305,15,3,8,59361,11256,1854,655,1153
DADU,DADU,TALUKA,RURAL,40029,,,2,33491,4998,415,544,579
DADU,DADU,TALUKA,URBAN,34276,15,3,6,25870,6258,1439,111,574
JOHI,DADU,TALUKA,OVERALL,47644,,,1,36532,6629,510,3467,505
JOHI,DADU,TALUKA,RURAL,41897,,,1,32434,5368,256,3405,433
JOHI,DADU,TALUKA,URBAN,5747,,,,4098,1261,254,62,72
KHAIRPUR NATHAN SHAH,DADU,TALUKA,OVERALL,67195,,1,3,47521,9103,1010,8247,1310
KHAIRPUR NATHAN SHAH,DADU,TALUKA,RURAL,51887,,,3,36792,5702,449,8051,890
KHAIRPUR NATHAN SHAH,DADU,TALUKA,URBAN,15308,,1,,10729,3401,561,196,420
MEHAR,DADU,TALUKA,OVERALL,78721,11,,21,57413,11583,1253,7355,1085
MEHAR,DADU,TALUKA,RURAL,60556,3,,10,44990,7165,360,7262,766
MEHAR,DADU,TALUKA,URBAN,18165,8,,11,12423,4418,893,93,319
GHOTKI,GHOTKI,DISTRICT,OVERALL,267094,52,2,40,212566,40920,3710,7021,2790
GHOTKI,GHOTKI,DISTRICT,RURAL,199428,2,1,2,164627,25697,1458,5999,1649
GHOTKI,GHOTKI,DISTRICT,URBAN,67666,50,1,38,47939,15223,2252,1022,1141
DAHARKI,GHOTKI,TALUKA,OVERALL,49678,7,,3,39988,6618,960,1611,491
DAHARKI,GHOTKI,TALUKA,RURAL,34633,,,,28391,4200,222,1596,224
DAHARKI,GHOTKI,TALUKA,URBAN,15045,7,,3,11597,2418,738,15,267
GHOTKI,GHOTKI,TALUKA,OVERALL,80556,35,1,28,63675,13133,1081,1361,1242
GHOTKI,GHOTKI,TALUKA,RURAL,56752,,1,1,47255,7434,415,951,695
GHOTKI,GHOTKI,TALUKA,URBAN,23804,35,,27,16420,5699,666,410,547
KHANGARH,GHOTKI,TALUKA,OVERALL,25096,,,,18908,4473,117,1485,113
KHANGARH,GHOTKI,TALUKA,RURAL,18672,,,,15199,2243,81,1063,86
KHANGARH,GHOTKI,TALUKA,URBAN,6424,,,,3709,2230,36,422,27
MIRPUR MATHELO,GHOTKI,TALUKA,OVERALL,59976,10,1,8,47572,9054,623,2233,482
MIRPUR MATHELO,GHOTKI,TALUKA,RURAL,45191,2,,1,36832,5686,260,2099,318
MIRPUR MATHELO,GHOTKI,TALUKA,URBAN,14785,8,1,7,10740,3368,363,134,164
UBAURO,GHOTKI,TALUKA,OVERALL,51788,,,1,42423,7642,929,331,462
UBAURO,GHOTKI,TALUKA,RURAL,44180,,,,36950,6134,480,290,326
UBAURO,GHOTKI,TALUKA,URBAN,7608,,,1,5473,1508,449,41,136
HYDERABAD,HYDERABAD,DISTRICT,OVERALL,308485,2440,85,2023,239260,28553,18314,9438,8372
HYDERABAD,HYDERABAD,DISTRICT,RURAL,64721,97,3,41,49742,8152,855,4482,1349
HYDERABAD,HYDERABAD,DISTRICT,URBAN,243764,2343,82,1982,189518,20401,17459,4956,7023
HYDERABAD CITY,HYDERABAD,TALUKA,OVERALL,83014,1217,63,1392,59204,8499,9853,1057,1729
HYDERABAD CITY,HYDERABAD,TALUKA,RURAL,,,,,,,,,
HYDERABAD CITY,HYDERABAD,TALUKA,URBAN,83014,1217,63,1392,59204,8499,9853,1057,1729
HYDERABAD,HYDERABAD,TALUKA,OVERALL,80325,124,3,51,61425,10339,1615,5130,1638
HYDERABAD,HYDERABAD,TALUKA,RURAL,64721,97,3,41,49742,8152,855,4482,1349
HYDERABAD,HYDERABAD,TALUKA,URBAN,15604,27,,10,11683,2187,760,648,289
LATIFABAD,HYDERABAD,TALUKA,OVERALL,92192,372,16,274,75270,6147,5649,2474,1990
LATIFABAD,HYDERABAD,TALUKA,RURAL,,,,,,,,,
LATIFABAD,HYDERABAD,TALUKA,URBAN,92192,372,16,274,75270,6147,5649,2474,1990
QASIMABAD,HYDERABAD,TALUKA,OVERALL,52954,727,3,306,43361,3568,1197,777,3015
QASIMABAD,HYDERABAD,TALUKA,RURAL,,,,,,,,,
QASIMABAD,HYDERABAD,TALUKA,URBAN,52954,727,3,306,43361,3568,1197,777,3015
JACOBABAD,JACOBABAD,DISTRICT,OVERALL,188928,131,1,37,149201,21057,2820,13613,2068
JACOBABAD,JACOBABAD,DISTRICT,RURAL,135673,5,,2,109814,11158,588,12632,1474
JACOBABAD,JACOBABAD,DISTRICT,URBAN,53255,126,1,35,39387,9899,2232,981,594
GARHI KHAIRO,JACOBABAD,TALUKA,OVERALL,36639,,,,29792,3571,93,2964,219
GARHI KHAIRO,JACOBABAD,TALUKA,RURAL,33795,,,,27716,2916,59,2920,184
GARHI KHAIRO,JACOBABAD,TALUKA,URBAN,2844,,,,2076,655,34,44,35
JACOBABAD,JACOBABAD,TALUKA,OVERALL,59088,120,,22,43207,7441,2084,5723,491
JACOBABAD,JACOBABAD,TALUKA,RURAL,29647,2,,2,21550,2641,154,5118,180
JACOBABAD,JACOBABAD,TALUKA,URBAN,29441,118,,20,21657,4800,1930,605,311
THUL,JACOBABAD,TALUKA,OVERALL,93201,11,1,15,76202,10045,643,4926,1358
THUL,JACOBABAD,TALUKA,RURAL,72231,3,,,60548,5601,375,4594,1110
THUL,JACOBABAD,TALUKA,URBAN,20970,8,1,15,15654,4444,268,332,248
JAMSHORO,JAMSHORO,DISTRICT,OVERALL,195379,245,10,33,154984,20754,4429,11752,3173
JAMSHORO,JAMSHORO,DISTRICT,RURAL,110294,116,2,6,87185,10235,706,10446,1599
JAMSHORO,JAMSHORO,DISTRICT,URBAN,85085,129,8,27,67799,10519,3723,1306,1574
KOTRI,JAMSHORO,TALUKA,OVERALL,78520,130,9,29,63605,7426,2937,2690,1695
KOTRI,JAMSHORO,TALUKA,RURAL,19524,2,2,6,14869,1749,215,2139,543
KOTRI,JAMSHORO,TALUKA,URBAN,58996,128,7,23,48736,5677,2722,551,1152
MANJHAND,JAMSHORO,TALUKA,OVERALL,33522,,,,25424,4273,235,3178,412
MANJHAND,JAMSHORO,TALUKA,RURAL,28592,,,,22213,3064,178,2805,332
MANJHAND,JAMSHORO,TALUKA,URBAN,4930,,,,3211,1209,57,373,80
SEHWAN,JAMSHORO,TALUKA,OVERALL,53698,113,1,4,41052,6277,1066,4500,685
SEHWAN,JAMSHORO,TALUKA,RURAL,34858,113,,,26997,3058,194,4125,371
SEHWAN,JAMSHORO,TALUKA,URBAN,18840,,1,4,14055,3219,872,375,314
THANO BULA KHAN,JAMSHORO,TALUKA,OVERALL,29639,2,,,24903,2778,191,1384,381
THANO BULA KHAN,JAMSHORO,TALUKA,RURAL,27320,1,,,23106,2364,119,1377,353
THANO BULA KHAN,JAMSHORO,TALUKA,URBAN,2319,1,,,1797,414,72,7,28
KAMBAR SHAHDAD KOT,KAMBAR SHAHDAD KOT,DISTRICT,OVERALL,223308,40,3,18,169428,30180,3557,17367,2715
KAMBAR SHAHDAD KOT,KAMBAR SHAHDAD KOT,DISTRICT,RURAL,157351,14,2,7,123086,15542,1388,15697,1615
KAMBAR SHAHDAD KOT,KAMBAR SHAHDAD KOT,DISTRICT,URBAN,65957,26,1,11,46342,14638,2169,1670,1100
KAMBAR ALI KHAN,KAMBAR SHAHDAD KOT,TALUKA,OVERALL,63011,17,,5,50382,8051,820,3105,631
KAMBAR ALI KHAN,KAMBAR SHAHDAD KOT,TALUKA,RURAL,46276,,,2,38223,4371,343,2990,347
KAMBAR ALI KHAN,KAMBAR SHAHDAD KOT,TALUKA,URBAN,16735,17,,3,12159,3680,477,115,284
MIRO KHAN,KAMBAR SHAHDAD KOT,TALUKA,OVERALL,26213,4,,5,19865,3518,272,2293,256
MIRO KHAN,KAMBAR SHAHDAD KOT,TALUKA,RURAL,18563,4,,2,14611,1763,204,1761,218
MIRO KHAN,KAMBAR SHAHDAD KOT,TALUKA,URBAN,7650,,,3,5254,1755,68,532,38
NASIRABAD,KAMBAR SHAHDAD KOT,TALUKA,OVERALL,22777,1,1,,17580,3777,421,677,320
NASIRABAD,KAMBAR SHAHDAD KOT,TALUKA,RURAL,16112,,,,13445,1739,254,510,164
NASIRABAD,KAMBAR SHAHDAD KOT,TALUKA,URBAN,6665,1,1,,4135,2038,167,167,156
QUBO SAEED KHAN,KAMBAR SHAHDAD KOT,TALUKA,OVERALL,16374,,,,12511,2018,95,1537,213
QUBO SAEED KHAN,KAMBAR SHAHDAD KOT,TALUKA,RURAL,11286,,,,8755,1132,66,1219,114
QUBO SAEED KHAN,KAMBAR SHAHDAD KOT,TALUKA,URBAN,5088,,,,3756,886,29,318,99
SHAHDAD KOT,KAMBAR SHAHDAD KOT,TALUKA,OVERALL,34806,16,,6,26468,4677,1290,1948,401
SHAHDAD KOT,KAMBAR SHAHDAD KOT,TALUKA,RURAL,17301,8,,3,13708,1483,104,1820,175
SHAHDAD KOT,KAMBAR SHAHDAD KOT,TALUKA,URBAN,17505,8,,3,12760,3194,1186,128,226
SUJAWAL JUNEJO,KAMBAR SHAHDAD KOT,TALUKA,OVERALL,20010,1,1,,15100,1936,189,2535,248
SUJAWAL JUNEJO,KAMBAR SHAHDAD KOT,TALUKA,RURAL,20010,1,1,,15100,1936,189,2535,248
SUJAWAL JUNEJO,KAMBAR SHAHDAD KOT,TALUKA,URBAN,,,,,,,,,
WARAH,KAMBAR SHAHDAD KOT,TALUKA,OVERALL,40117,1,1,2,27522,6203,470,5272,646
WARAH,KAMBAR SHAHDAD KOT,TALUKA,RURAL,27803,1,1,,19244,3118,228,4862,349
WARAH,KAMBAR SHAHDAD KOT,TALUKA,URBAN,12314,,,2,8278,3085,242,410,297
KARACHI CENTRAL,KARACHI CENTRAL,DISTRICT,OVERALL,276661,12433,305,4988,215588,18049,21251,652,3412
KARACHI CENTRAL,KARACHI CENTRAL,DISTRICT,RURAL,,,,,,,,,
KARACHI CENTRAL,KARACHI CENTRAL,DISTRICT,URBAN,276661,12433,305,4988,215588,18049,21251,652,3412
GULBERG,KARACHI CENTRAL,SUB-DIVISION,OVERALL,40009,1969,56,930,29883,2635,3599,211,726
GULBERG,KARACHI CENTRAL,SUB-DIVISION,RURAL,,,,,,,,,
GULBERG,KARACHI CENTRAL,SUB-DIVISION,URBAN,40009,1969,56,930,29883,2635,3599,211,726
LIAQUATABAD,KARACHI CENTRAL,SUB-DIVISION,OVERALL,36137,5489,105,1972,21522,2942,3463,220,425
LIAQUATABAD,KARACHI CENTRAL,SUB-DIVISION,RURAL,,,,,,,,,
LIAQUATABAD,KARACHI CENTRAL,SUB-DIVISION,URBAN,36137,5489,105,1972,21522,2942,3463,220,425
NAZIMABAD,KARACHI CENTRAL,SUB-DIVISION,OVERALL,39822,2844,8,936,30072,2393,2942,9,618
NAZIMABAD,KARACHI CENTRAL,SUB-DIVISION,RURAL,,,,,,,,,
NAZIMABAD,KARACHI CENTRAL,SUB-DIVISION,URBAN,39822,2844,8,936,30072,2393,2942,9,618
NEW KARACHI,KARACHI CENTRAL,SUB-DIVISION,OVERALL,102707,687,81,297,85960,7594,6965,100,1032
NEW KARACHI,KARACHI CENTRAL,SUB-DIVISION,RURAL,,,,,,,,,
NEW KARACHI,KARACHI CENTRAL,SUB-DIVISION,URBAN,102707,687,81,297,85960,7594,6965,100,1032
NORTH NAZIMABAD,KARACHI CENTRAL,SUB-DIVISION,OVERALL,57986,1444,55,853,48151,2485,4282,112,611
NORTH NAZIMABAD,KARACHI CENTRAL,SUB-DIVISION,RURAL,,,,,,,,,
NORTH NAZIMABAD,KARACHI CENTRAL,SUB-DIVISION,URBAN,57986,1444,55,853,48151,2485,4282,112,611
KARACHI EAST,KARACHI EAST,DISTRICT,OVERALL,318394,11826,263,4380,247184,23967,15708,4445,10712
KARACHI EAST,KARACHI EAST,DISTRICT,RURAL,,,,,,,,,
KARACHI EAST,KARACHI EAST,DISTRICT,URBAN,318394,11826,263,4380,247184,23967,15708,4445,10712
FEROZABAD,KARACHI EAST,SUB-DIVISION,OVERALL,81689,3679,168,1654,60958,6810,6963,126,1360
FEROZABAD,KARACHI EAST,SUB-DIVISION,RURAL,,,,,,,,,
FEROZABAD,KARACHI EAST,SUB-DIVISION,URBAN,81689,3679,168,1654,60958,6810,6963,126,1360
GULSHAN-E-IQBAL,KARACHI EAST,SUB-DIVISION,OVERALL,70140,3655,52,1021,55543,3990,2811,1542,1579
GULSHAN-E-IQBAL,KARACHI EAST,SUB-DIVISION,RURAL,,,,,,,,,
GULSHAN-E-IQBAL,KARACHI EAST,SUB-DIVISION,URBAN,70140,3655,52,1021,55543,3990,2811,1542,1579
GULZAR-E-HIJRI,KARACHI EAST,SUB-DIVISION,OVERALL,128397,1800,13,767,102468,9553,3928,2735,7142
GULZAR-E-HIJRI,KARACHI EAST,SUB-DIVISION,RURAL,,,,,,,,,
GULZAR-E-HIJRI,KARACHI EAST,SUB-DIVISION,URBAN,128397,1800,13,767,102468,9553,3928,2735,7142
JAMSHED QUARTERS,KARACHI EAST,SUB-DIVISION,OVERALL,38168,2692,30,938,28215,3614,2006,42,631
JAMSHED QUARTERS,KARACHI EAST,SUB-DIVISION,RURAL,,,,,,,,,
JAMSHED QUARTERS,KARACHI EAST,SUB-DIVISION,URBAN,38168,2692,30,938,28215,3614,2006,42,631
KARACHI SOUTH,KARACHI SOUTH,DISTRICT,OVERALL,134853,8727,731,8395,92155,12973,8517,99,3279
KARACHI SOUTH,KARACHI SOUTH,DISTRICT,RURAL,,,,,,,,,
KARACHI SOUTH,KARACHI SOUTH,DISTRICT,URBAN,134853,8727,731,8395,92155,12973,8517,99,3279
ARAM BAGH,KARACHI SOUTH,SUB-DIVISION,OVERALL,9377,218,162,1271,4685,2178,777,3,83
ARAM BAGH,KARACHI SOUTH,SUB-DIVISION,RURAL,,,,,,,,,
ARAM BAGH,KARACHI SOUTH,SUB-DIVISION,URBAN,9377,218,162,1271,4685,2178,777,3,83
CIVIL LINES,KARACHI SOUTH,SUB-DIVISION,OVERALL,48658,3208,355,1970,35733,3156,2412,51,1773
CIVIL LINES,KARACHI SOUTH,SUB-DIVISION,RURAL,,,,,,,,,
CIVIL LINES,KARACHI SOUTH,SUB-DIVISION,URBAN,48658,3208,355,1970,35733,3156,2412,51,1773
GARDEN,KARACHI SOUTH,SUB-DIVISION,OVERALL,18799,1246,49,1845,10533,3222,1550,26,349
GARDEN,KARACHI SOUTH,SUB-DIVISION,RURAL,,,,,,,,,
GARDEN,KARACHI SOUTH,SUB-DIVISION,URBAN,18799,1246,49,1845,10533,3222,1550,26,349
LYARI,KARACHI SOUTH,SUB-DIVISION,OVERALL,45528,3399,18,2826,32556,2996,2974,14,746
LYARI,KARACHI SOUTH,SUB-DIVISION,RURAL,,,,,,,,,
LYARI,KARACHI SOUTH,SUB-DIVISION,URBAN,45528,3399,18,2826,32556,2996,2974,14,746
SADDAR,KARACHI SOUTH,SUB-DIVISION,OVERALL,12491,656,147,483,8648,1421,804,5,328
SADDAR,KARACHI SOUTH,SUB-DIVISION,RURAL,,,,,,,,,
SADDAR,KARACHI SOUTH,SUB-DIVISION,URBAN,12491,656,147,483,8648,1421,804,5,328
KARACHI WEST,KARACHI WEST,DISTRICT,OVERALL,370817,1147,31,498,316065,21597,16037,691,14866
KARACHI WEST,KARACHI WEST,DISTRICT,RURAL,46324,9,,5,39032,2375,818,139,4044
KARACHI WEST,KARACHI WEST,DISTRICT,URBAN,324493,1138,31,493,277033,19222,15219,552,10822
MANGHOPIR,KARACHI WEST,SUB-DIVISION,OVERALL,169401,492,4,211,145533,7188,4847,642,10583
MANGHOPIR,KARACHI WEST,SUB-DIVISION,RURAL,46324,9,,5,39032,2375,818,139,4044
MANGHOPIR,KARACHI WEST,SUB-DIVISION,URBAN,123077,483,4,206,106501,4813,4029,503,6539
MOMINABAD,KARACHI WEST,SUB-DIVISION,OVERALL,139183,80,7,23,120330,9287,6296,8,3168
MOMINABAD,KARACHI WEST,SUB-DIVISION,RURAL,,,,,,,,,
MOMINABAD,KARACHI WEST,SUB-DIVISION,URBAN,139183,80,7,23,120330,9287,6296,8,3168
ORANGI,KARACHI WEST,SUB-DIVISION,OVERALL,62233,575,20,264,50202,5122,4894,41,1115
ORANGI,KARACHI WEST,SUB-DIVISION,RURAL,,,,,,,,,
ORANGI,KARACHI WEST,SUB-DIVISION,URBAN,62233,575,20,264,50202,5122,4894,41,1115
KASHMORE,KASHMORE,DISTRICT,OVERALL,171043,109,2,16,139836,21040,1805,6423,1812
KASHMORE,KASHMORE,DISTRICT,RURAL,127980,95,,2,109751,10391,739,5902,1100
KASHMORE,KASHMORE,DISTRICT,URBAN,43063,14,2,14,30085,10649,1066,521,712
KANDHKOT,KASHMORE,TALUKA,OVERALL,56401,12,1,13,47700,6520,716,927,512
KANDHKOT,KASHMORE,TALUKA,RURAL,35596,3,,,32523,1986,55,809,220
KANDHKOT,KASHMORE,TALUKA,URBAN,20805,9,1,13,15177,4534,661,118,292
KASHMORE,KASHMORE,TALUKA,OVERALL,68230,96,1,2,52421,10242,696,3936,836
KASHMORE,KASHMORE,TALUKA,RURAL,49903,92,,1,40068,5321,341,3578,502
KASHMORE,KASHMORE,TALUKA,URBAN,18327,4,1,1,12353,4921,355,358,334
TANGWANI,KASHMORE,TALUKA,OVERALL,46412,1,,1,39715,4278,393,1560,464
TANGWANI,KASHMORE,TALUKA,RURAL,42481,,,1,37160,3084,343,1515,378
TANGWANI,KASHMORE,TALUKA,URBAN,3931,1,,,2555,1194,50,45,86
KEAMARI,KEAMARI,DISTRICT,OVERALL,277215,3123,130,1629,220325,24396,16995,1131,9486
KEAMARI,KEAMARI,DISTRICT,RURAL,,,,,,,,,
KEAMARI,KEAMARI,DISTRICT,URBAN,277215,3123,130,1629,220325,24396,16995,1131,9486
BALDIA,KEAMARI,SUB-DIVISION,OVERALL,137382,665,26,254,116129,7442,7913,146,4807
BALDIA,KEAMARI,SUB-DIVISION,RURAL,,,,,,,,,
BALDIA,KEAMARI,SUB-DIVISION,URBAN,137382,665,26,254,116129,7442,7913,146,4807
KEAMARI,KEAMARI,SUB-DIVISION,OVERALL,51075,823,17,307,42021,4090,2738,12,1067
KEAMARI,KEAMARI,SUB-DIVISION,RURAL,,,,,,,,,
KEAMARI,KEAMARI,SUB-DIVISION,URBAN,51075,823,17,307,42021,4090,2738,12,1067
MAURIPUR,KEAMARI,SUB-DIVISION,OVERALL,44555,215,1,7,33606,5386,1708,953,2679
MAURIPUR,KEAMARI,SUB-DIVISION,RURAL,,,,,,,,,
MAURIPUR,KEAMARI,SUB-DIVISION,URBAN,44555,215,1,7,33606,5386,1708,953,2679
SITE,KEAMARI,SUB-DIVISION,OVERALL,44203,1420,86,1061,28569,7478,4636,20,933
SITE,KEAMARI,SUB-DIVISION,RURAL,,,,,,,,,
SITE,KEAMARI,SUB-DIVISION,URBAN,44203,1420,86,1061,28569,7478,4636,20,933
KHAIRPUR,KHAIRPUR,DISTRICT,OVERALL,450478,85,6,39,346612,59922,7255,30609,5950
KHAIRPUR,KHAIRPUR,DISTRICT,RURAL,295183,58,3,16,231896,32533,2752,24757,3168
KHAIRPUR,KHAIRPUR,DISTRICT,URBAN,155295,27,3,23,114716,27389,4503,5852,2782
FAIZ GANJ,KHAIRPUR,TALUKA,OVERALL,48962,3,,10,36374,5812,369,6053,341
FAIZ GANJ,KHAIRPUR,TALUKA,RURAL,39699,3,,9,29905,4184,163,5146,289
FAIZ GANJ,KHAIRPUR,TALUKA,URBAN,9263,,,1,6469,1628,206,907,52
GAMBAT,KHAIRPUR,TALUKA,OVERALL,44546,9,,1,35721,6358,999,810,648
GAMBAT,KHAIRPUR,TALUKA,RURAL,25993,1,,,21579,3387,186,587,253
GAMBAT,KHAIRPUR,TALUKA,URBAN,18553,8,,1,14142,2971,813,223,395
KHAIRPUR,KHAIRPUR,TALUKA,OVERALL,82332,14,4,9,63515,10731,2591,3726,1742
KHAIRPUR,KHAIRPUR,TALUKA,RURAL,35639,2,2,,27406,4311,485,2817,616
KHAIRPUR,KHAIRPUR,TALUKA,URBAN,46693,12,2,9,36109,6420,2106,909,1126
KINGRI,KHAIRPUR,TALUKA,OVERALL,58110,14,,,45088,9388,936,1989,695
KINGRI,KHAIRPUR,TALUKA,RURAL,38873,14,,,31399,4872,517,1774,297
KINGRI,KHAIRPUR,TALUKA,URBAN,19237,,,,13689,4516,419,215,398
KOT DIJI,KHAIRPUR,TALUKA,OVERALL,61704,14,1,1,46251,7522,550,6357,1008
KOT DIJI,KHAIRPUR,TALUKA,RURAL,46333,14,,1,35302,4574,332,5290,820
KOT DIJI,KHAIRPUR,TALUKA,URBAN,15371,,1,,10949,2948,218,1067,188
MIRWAH,KHAIRPUR,TALUKA,OVERALL,68677,12,,9,53699,8298,1038,4787,834
MIRWAH,KHAIRPUR,TALUKA,RURAL,50140,7,,1,39485,5386,740,3999,522
MIRWAH,KHAIRPUR,TALUKA,URBAN,18537,5,,8,14214,2912,298,788,312
NARA,KHAIRPUR,TALUKA,OVERALL,35815,1,,,27583,2994,131,4821,285
NARA,KHAIRPUR,TALUKA,RURAL,26693,1,,,21258,1635,46,3582,171
NARA,KHAIRPUR,TALUKA,URBAN,9122,,,,6325,1359,85,1239,114
SOBHO DERO,KHAIRPUR,TALUKA,OVERALL,50332,18,1,9,38381,8819,641,2066,397
SOBHO DERO,KHAIRPUR,TALUKA,RURAL,31813,16,1,5,25562,4184,283,1562,200
SOBHO DERO,KHAIRPUR,TALUKA,URBAN,18519,2,,4,12819,4635,358,504,197
KORANGI,KORANGI,DISTRICT,OVERALL,309400,4190,64,1067,257961,19651,19674,511,6282
KORANGI,KORANGI,DISTRICT,RURAL,,,,,,,,,
KORANGI,KORANGI,DISTRICT,URBAN,309400,4190,64,1067,257961,19651,19674,511,6282
KORANGI,KORANGI,SUB-DIVISION,OVERALL,141660,2031,37,573,117532,9635,8162,127,3563
KORANGI,KORANGI,SUB-DIVISION,RURAL,,,,,,,,,
KORANGI,KORANGI,SUB-DIVISION,URBAN,141660,2031,37,573,117532,9635,8162,127,3563
LANDHI,KORANGI,SUB-DIVISION,OVERALL,70469,367,15,103,57389,6276,4961,213,1145
LANDHI,KORANGI,SUB-DIVISION,RURAL,,,,,,,,,
LANDHI,KORANGI,SUB-DIVISION,URBAN,70469,367,15,103,57389,6276,4961,213,1145
MODEL COLONY,KORANGI,SUB-DIVISION,OVERALL,47125,176,4,55,41089,2018,3036,57,690
MODEL COLONY,KORANGI,SUB-DIVISION,RURAL,,,,,,,,,
MODEL COLONY,KORANGI,SUB-DIVISION,URBAN,47125,176,4,55,41089,2018,3036,57,690
SHAH FAISAL,KORANGI,SUB-DIVISION,OVERALL,50146,1616,8,336,41951,1722,3515,114,884
SHAH FAISAL,KORANGI,SUB-DIVISION,RURAL,,,,,,,,,
SHAH FAISAL,KORANGI,SUB-DIVISION,URBAN,50146,1616,8,336,41951,1722,3515,114,884
LARKANA,LARKANA,DISTRICT,OVERALL,255475,72,10,53,204105,32811,6508,7675,4241
LARKANA,LARKANA,DISTRICT,RURAL,136483,3,1,6,110783,15728,1397,6599,1966
LARKANA,LARKANA,DISTRICT,URBAN,118992,69,9,47,93322,17083,5111,1076,2275
BAKRANI,LARKANA,TALUKA,OVERALL,38549,2,,,31084,4257,407,2422,377
BAKRANI,LARKANA,TALUKA,RURAL,32574,2,,,26722,3283,333,1911,323
BAKRANI,LARKANA,TALUKA,URBAN,5975,,,,4362,974,74,511,54
DOKRI,LARKANA,TALUKA,OVERALL,34642,,1,4,26036,5528,460,2076,537
DOKRI,LARKANA,TALUKA,RURAL,23532,,1,1,17926,3015,197,2063,329
DOKRI,LARKANA,TALUKA,URBAN,11110,,,3,8110,2513,263,13,208
LARKANA,LARKANA,TALUKA,OVERALL,125011,70,9,44,102251,14203,4407,1358,2669
LARKANA,LARKANA,TALUKA,RURAL,42555,1,,2,35655,4582,395,1002,918
LARKANA,LARKANA,TALUKA,URBAN,82456,69,9,42,66596,9621,4012,356,1751
RATODERO,LARKANA,TALUKA,OVERALL,57273,,,5,44734,8823,1234,1819,658
RATODERO,LARKANA,TALUKA,RURAL,37822,,,3,30480,4848,472,1623,396
RATODERO,LARKANA,TALUKA,URBAN,19451,,,2,14254,3975,762,196,262
MALIR,MALIR,DISTRICT,OVERALL,359754,2893,92,674,289282,29205,14392,5786,17439
MALIR,MALIR,DISTRICT,RURAL,218424,811,79,232,173209,18548,7527,5152,12874
MALIR,MALIR,DISTRICT,URBAN,141330,2082,13,442,116073,10657,6865,634,4565
AIRPORT,MALIR,SUB-DIVISION,OVERALL,29515,655,2,112,24383,2022,1172,85,1084
AIRPORT,MALIR,SUB-DIVISION,RURAL,,,,,,,,,
AIRPORT,MALIR,SUB-DIVISION,URBAN,29515,655,2,112,24383,2022,1172,85,1084
BIN QASIM,MALIR,SUB-DIVISION,OVERALL,47903,345,14,99,36368,3885,2543,2341,2309
BIN QASIM,MALIR,SUB-DIVISION,RURAL,47903,345,14,99,36368,3885,2543,2341,2309
BIN QASIM,MALIR,SUB-DIVISION,URBAN,,,,,,,,,
GADAP,MALIR,SUB-DIVISION,OVERALL,31412,42,57,1,25209,2120,163,754,3066
GADAP,MALIR,SUB-DIVISION,RURAL,31412,42,57,1,25209,2120,163,754,3066
GADAP,MALIR,SUB-DIVISION,URBAN,,,,,,,,,
IBRAHIM HYDRI,MALIR,SUB-DIVISION,OVERALL,177307,1625,19,439,143699,14149,8460,1038,7879
IBRAHIM HYDRI,MALIR,SUB-DIVISION,RURAL,99321,374,8,122,80303,7890,4077,974,5573
IBRAHIM HYDRI,MALIR,SUB-DIVISION,URBAN,77986,1251,11,317,63396,6259,4383,64,2306
MURAD MEMON,MALIR,SUB-DIVISION,OVERALL,64594,206,,21,52424,5968,1905,1244,2826
MURAD MEMON,MALIR,SUB-DIVISION,RURAL,30765,30,,8,24130,3592,595,759,1651
MURAD MEMON,MALIR,SUB-DIVISION,URBAN,33829,176,,13,28294,2376,1310,485,1175
SHAH MUREED,MALIR,SUB-DIVISION,OVERALL,9023,20,,2,7199,1061,149,324,275
SHAH MUREED,MALIR,SUB-DIVISION,RURAL,9023,20,,2,7199,1061,149,324,275
SHAH MUREED,MALIR,SUB-DIVISION,URBAN,,,,,,,,,
MATIARI,MATIARI,DISTRICT,OVERALL,134342,4,3,15,104752,18293,2528,7269,1478
MATIARI,MATIARI,DISTRICT,RURAL,99234,2,3,10,78994,11888,780,6858,699
MATIARI,MATIARI,DISTRICT,URBAN,35108,2,,5,25758,6405,1748,411,779
HALA,MATIARI,TALUKA,OVERALL,47209,1,3,11,37349,6222,1362,1648,613
HALA,MATIARI,TALUKA,RURAL,25005,,3,10,20276,2858,236,1426,196
HALA,MATIARI,TALUKA,URBAN,22204,1,,1,17073,3364,1126,222,417
MATIARI,MATIARI,TALUKA,OVERALL,57018,3,,3,43737,8026,668,4044,537
MATIARI,MATIARI,TALUKA,RURAL,48367,2,,,37865,5975,306,3903,316
MATIARI,MATIARI,TALUKA,URBAN,8651,1,,3,5872,2051,362,141,221
SAEEDABAD,MATIARI,TALUKA,OVERALL,30115,,,1,23666,4045,498,1577,328
SAEEDABAD,MATIARI,TALUKA,RURAL,25862,,,,20853,3055,238,1529,187
SAEEDABAD,MATIARI,TALUKA,URBAN,4253,,,1,2813,990,260,48,141
MIRPUR KHAS,MIRPUR KHAS,DISTRICT,OVERALL,301150,55,10,26,237374,30118,4942,25151,3474
MIRPUR KHAS,MIRPUR KHAS,DISTRICT,RURAL,224267,10,2,9,178592,19455,1174,23106,1919
MIRPUR KHAS,MIRPUR KHAS,DISTRICT,URBAN,76883,45,8,17,58782,10663,3768,2045,1555
DIGRI,MIRPUR KHAS,TALUKA,OVERALL,43597,12,3,2,33914,4259,625,3955,827
DIGRI,MIRPUR KHAS,TALUKA,RURAL,29142,,,,22949,2397,187,3409,200
DIGRI,MIRPUR KHAS,TALUKA,URBAN,14455,12,3,2,10965,1862,438,546,627
HUSSAIN BUX MARI,MIRPUR KHAS,TALUKA,OVERALL,33164,6,2,7,26536,3178,271,2772,392
HUSSAIN BUX MARI,MIRPUR KHAS,TALUKA,RURAL,33164,6,2,7,26536,3178,271,2772,392
HUSSAIN BUX MARI,MIRPUR KHAS,TALUKA,URBAN,,,,,,,,,
JHUDO,MIRPUR KHAS,TALUKA,OVERALL,42357,4,1,,33870,4699,401,3042,340
JHUDO,MIRPUR KHAS,TALUKA,RURAL,30107,,,,25152,2056,56,2665,178
JHUDO,MIRPUR KHAS,TALUKA,URBAN,12250,4,1,,8718,2643,345,377,162
KOT GHULAM MUHAMMAD,MIRPUR KHAS,TALUKA,OVERALL,60672,2,1,2,46287,5277,440,8292,371
KOT GHULAM MUHAMMAD,MIRPUR KHAS,TALUKA,RURAL,55001,2,,2,42233,4249,194,8058,263
KOT GHULAM MUHAMMAD,MIRPUR KHAS,TALUKA,URBAN,5671,,1,,4054,1028,246,234,108
MIRPUR KHAS,MIRPUR KHAS,TALUKA,OVERALL,40979,29,3,15,32456,4646,2687,474,669
MIRPUR KHAS,MIRPUR KHAS,TALUKA,RURAL,3440,,,,2682,508,121,55,74
MIRPUR KHAS,MIRPUR KHAS,TALUKA,URBAN,37539,29,3,15,29774,4138,2566,419,595
SHUJAABAD,MIRPUR KHAS,TALUKA,OVERALL,32026,2,,,26288,3402,354,1596,384
SHUJAABAD,MIRPUR KHAS,TALUKA,RURAL,28084,2,,,23306,2753,196,1494,333
SHUJAABAD,MIRPUR KHAS,TALUKA,URBAN,3942,,,,2982,649,158,102,51
SINDHRI,MIRPUR KHAS,TALUKA,OVERALL,48355,,,,38023,4657,164,5020,491
SINDHRI,MIRPUR KHAS,TALUKA,RURAL,45329,,,,35734,4314,149,4653,479
SINDHRI,MIRPUR KHAS,TALUKA,URBAN,3026,,,,2289,343,15,367,12
NAUSHAHRO FEROZE,NAUSHAHRO FEROZE,DISTRICT,OVERALL,267129,9,7,13,213811,38656,4909,6081,3643
NAUSHAHRO FEROZE,NAUSHAHRO FEROZE,DISTRICT,RURAL,179986,4,5,5,149335,21440,1600,5576,2021
NAUSHAHRO FEROZE,NAUSHAHRO FEROZE,DISTRICT,URBAN,87143,5,2,8,64476,17216,3309,505,1622
BHIRIA,NAUSHAHRO FEROZE,TALUKA,OVERALL,45901,1,,2,36530,7078,758,1007,525
BHIRIA,NAUSHAHRO FEROZE,TALUKA,RURAL,32939,,,,27692,3726,205,965,351
BHIRIA,NAUSHAHRO FEROZE,TALUKA,URBAN,12962,1,,2,8838,3352,553,42,174
KANDIARO,NAUSHAHRO FEROZE,TALUKA,OVERALL,52152,1,,2,42904,7309,552,672,712
KANDIARO,NAUSHAHRO FEROZE,TALUKA,RURAL,43868,,,2,37111,5252,376,644,483
KANDIARO,NAUSHAHRO FEROZE,TALUKA,URBAN,8284,1,,,5793,2057,176,28,229
MEHRABPUR,NAUSHAHRO FEROZE,TALUKA,OVERALL,42284,4,,3,32938,5940,1262,1528,609
MEHRABPUR,NAUSHAHRO FEROZE,TALUKA,RURAL,27601,4,,1,21769,3648,484,1337,358
MEHRABPUR,NAUSHAHRO FEROZE,TALUKA,URBAN,14683,,,2,11169,2292,778,191,251
MORO,NAUSHAHRO FEROZE,TALUKA,OVERALL,61132,2,6,3,48309,8989,1265,1638,920
MORO,NAUSHAHRO FEROZE,TALUKA,RURAL,39009,,5,2,31450,5324,244,1558,426
MORO,NAUSHAHRO FEROZE,TALUKA,URBAN,22123,2,1,1,16859,3665,1021,80,494
NAUSHAHRO FEROZE,NAUSHAHRO FEROZE,TALUKA,OVERALL,65660,1,1,3,53130,9340,1072,1236,877
NAUSHAHRO FEROZE,NAUSHAHRO FEROZE,TALUKA,RURAL,36569,,,,31313,3490,291,1072,403
NAUSHAHRO FEROZE,NAUSHAHRO FEROZE,TALUKA,URBAN,29091,1,1,3,21817,5850,781,164,474
SANGHAR,SANGHAR,DISTRICT,OVERALL,380548,85,3,37,286675,45905,6272,37324,4247
SANGHAR,SANGHAR,DISTRICT,RURAL,276436,21,3,3,211877,27071,1628,33285,2548
SANGHAR,SANGHAR,DISTRICT,URBAN,104112,64,,34,74798,18834,4644,4039,1699
JAM NAWAZ ALI,SANGHAR,TALUKA,OVERALL,29729,,,1,19460,4002,181,5928,157
JAM NAWAZ ALI,SANGHAR,TALUKA,RURAL,25135,,,1,16469,2938,88,5532,107
JAM NAWAZ ALI,SANGHAR,TALUKA,URBAN,4594,,,,2991,1064,93,396,50
KHIPRO,SANGHAR,TALUKA,OVERALL,72534,1,,,52987,5918,361,12727,540
KHIPRO,SANGHAR,TALUKA,RURAL,61189,1,,,46289,3770,127,10624,378
KHIPRO,SANGHAR,TALUKA,URBAN,11345,,,,6698,2148,234,2103,162
SANGHAR,SANGHAR,TALUKA,OVERALL,84192,14,2,6,63123,10299,1056,8324,1368
SANGHAR,SANGHAR,TALUKA,RURAL,66551,13,2,1,50482,6392,453,8208,1000
SANGHAR,SANGHAR,TALUKA,URBAN,17641,1,,5,12641,3907,603,116,368
SHAHDADPUR,SANGHAR,TALUKA,OVERALL,77168,42,,4,60149,10971,2221,2796,985
SHAHDADPUR,SANGHAR,TALUKA,RURAL,44174,3,,1,36090,5596,334,1715,435
SHAHDADPUR,SANGHAR,TALUKA,URBAN,32994,39,,3,24059,5375,1887,1081,550
SINJHORO,SANGHAR,TALUKA,OVERALL,55206,2,1,,41609,7352,636,5275,331
SINJHORO,SANGHAR,TALUKA,RURAL,44993,2,1,,34371,4925,358,5073,263
SINJHORO,SANGHAR,TALUKA,URBAN,10213,,,,7238,2427,278,202,68
TANDO ADAM,SANGHAR,TALUKA,OVERALL,61719,26,,26,49347,7363,1817,2274,866
TANDO ADAM,SANGHAR,TALUKA,RURAL,34394,2,,,28176,3450,268,2133,365
TANDO ADAM,SANGHAR,TALUKA,URBAN,27325,24,,26,21171,3913,1549,141,501
SHAHEED BENAZIRABAD,SHAHEED BENAZIRABAD,DISTRICT,OVERALL,286373,111,5,42,229235,35045,5985,12779,3171
SHAHEED BENAZIRABAD,SHAHEED BENAZIRABAD,DISTRICT,RURAL,195711,2,,,159381,21984,1775,11212,1357
SHAHEED BENAZIRABAD,SHAHEED BENAZIRABAD,DISTRICT,URBAN,90662,109,5,42,69854,13061,4210,1567,1814
DAUR,SHAHEED BENAZIRABAD,TALUKA,OVERALL,88466,1,,,71510,10884,991,4550,530
DAUR,SHAHEED BENAZIRABAD,TALUKA,RURAL,68585,,,,57020,6657,474,4155,279
DAUR,SHAHEED BENAZIRABAD,TALUKA,URBAN,19881,1,,,14490,4227,517,395,251
KAZI AHMED,SHAHEED BENAZIRABAD,TALUKA,OVERALL,59092,2,,,46990,8236,1090,2390,384
KAZI AHMED,SHAHEED BENAZIRABAD,TALUKA,RURAL,50774,1,,,41153,6514,562,2234,310
KAZI AHMED,SHAHEED BENAZIRABAD,TALUKA,URBAN,8318,1,,,5837,1722,528,156,74
NAWABSHAH,SHAHEED BENAZIRABAD,TALUKA,OVERALL,68874,106,5,37,55429,7135,2504,2135,1523
NAWABSHAH,SHAHEED BENAZIRABAD,TALUKA,RURAL,17968,1,,,14378,1839,85,1424,241
NAWABSHAH,SHAHEED BENAZIRABAD,TALUKA,URBAN,50906,105,5,37,41051,5296,2419,711,1282
SAKRAND,SHAHEED BENAZIRABAD,TALUKA,OVERALL,69941,2,,5,55306,8790,1400,3704,734
SAKRAND,SHAHEED BENAZIRABAD,TALUKA,RURAL,58384,,,,46830,6974,654,3399,527
SAKRAND,SHAHEED BENAZIRABAD,TALUKA,URBAN,11557,2,,5,8476,1816,746,305,207
SHIKARPUR,SHIKARPUR,DISTRICT,OVERALL,187976,8,,9,144406,26553,3769,11246,1985
SHIKARPUR,SHIKARPUR,DISTRICT,RURAL,138206,1,,3,109253,15843,1353,10582,1171
SHIKARPUR,SHIKARPUR,DISTRICT,URBAN,49770,7,,6,35153,10710,2416,664,814
GARHI YASIN,SHIKARPUR,TALUKA,OVERALL,50307,,,1,38488,7921,463,2972,462
GARHI YASIN,SHIKARPUR,TALUKA,RURAL,42584,,,1,33819,5101,346,2954,363
GARHI YASIN,SHIKARPUR,TALUKA,URBAN,7723,,,,4669,2820,117,18,99
KHANPUR,SHIKARPUR,TALUKA,OVERALL,46179,,,2,37552,4672,436,3135,382
KHANPUR,SHIKARPUR,TALUKA,RURAL,42377,,,2,34889,3774,287,3121,304
KHANPUR,SHIKARPUR,TALUKA,URBAN,3802,,,,2663,898,149,14,78
LAKHI,SHIKARPUR,TALUKA,OVERALL,33577,1,,,25203,5422,596,2071,284
LAKHI,SHIKARPUR,TALUKA,RURAL,25918,1,,,20150,3600,368,1578,221
LAKHI,SHIKARPUR,TALUKA,URBAN,7659,,,,5053,1822,228,493,63
SHIKARPUR,SHIKARPUR,TALUKA,OVERALL,57913,7,,6,43163,8538,2274,3068,857
SHIKARPUR,SHIKARPUR,TALUKA,RURAL,27327,,,,20395,3368,352,2929,283
SHIKARPUR,SHIKARPUR,TALUKA,URBAN,30586,7,,6,22768,5170,1922,139,574
SUJAWAL,SUJAWAL,DISTRICT,OVERALL,158372,65,1,8,135248,15425,858,5144,1623
SUJAWAL,SUJAWAL,DISTRICT,RURAL,141657,6,,2,124029,11081,539,4768,1232
SUJAWAL,SUJAWAL,DISTRICT,URBAN,16715,59,1,6,11219,4344,319,376,391
JATI,SUJAWAL,TALUKA,OVERALL,41409,,,,35603,3483,113,1810,400
JATI,SUJAWAL,TALUKA,RURAL,39031,,,,34350,2524,96,1726,335
JATI,SUJAWAL,TALUKA,URBAN,2378,,,,1253,959,17,84,65
KHARO CHAN,SUJAWAL,TALUKA,OVERALL,2343,,,,2197,124,9,3,10
KHARO CHAN,SUJAWAL,TALUKA,RURAL,2343,,,,2197,124,9,3,10
KHARO CHAN,SUJAWAL,TALUKA,URBAN,,,,,,,,,
MIRPUR BATHORO,SUJAWAL,TALUKA,OVERALL,43067,15,,4,36060,5041,228,1225,494
MIRPUR BATHORO,SUJAWAL,TALUKA,RURAL,38868,4,,1,33368,3750,157,1200,388
MIRPUR BATHORO,SUJAWAL,TALUKA,URBAN,4199,11,,3,2692,1291,71,25,106
SHAH BUNDER,SUJAWAL,TALUKA,OVERALL,36887,,,,32458,3375,172,490,392
SHAH BUNDER,SUJAWAL,TALUKA,RURAL,32716,,,,29615,2391,144,270,296
SHAH BUNDER,SUJAWAL,TALUKA,URBAN,4171,,,,2843,984,28,220,96
SUJAWAL,SUJAWAL,TALUKA,OVERALL,34666,50,1,4,28930,3402,336,1616,327
SUJAWAL,SUJAWAL,TALUKA,RURAL,28699,2,,1,24499,2292,133,1569,203
SUJAWAL,SUJAWAL,TALUKA,URBAN,5967,48,1,3,4431,1110,203,47,124
SUKKUR,SUKKUR,DISTRICT,OVERALL,235939,360,39,560,186252,30019,7082,7248,4379
SUKKUR,SUKKUR,DISTRICT,RURAL,120599,1,2,3,98515,13807,1306,5600,1365
SUKKUR,SUKKUR,DISTRICT,URBAN,115340,359,37,557,87737,16212,5776,1648,3014
NEW SUKKUR,SUKKUR,TALUKA,OVERALL,50105,76,5,23,39196,5919,1856,1106,1924
NEW SUKKUR,SUKKUR,TALUKA,RURAL,5399,,,1,4333,560,180,250,75
NEW SUKKUR,SUKKUR,TALUKA,URBAN,44706,76,5,22,34863,5359,1676,856,1849
PANO AQIL,SUKKUR,TALUKA,OVERALL,68407,1,,2,55661,9738,1044,932,1029
PANO AQIL,SUKKUR,TALUKA,RURAL,51818,1,,2,43298,6336,757,895,529
PANO AQIL,SUKKUR,TALUKA,URBAN,16589,,,,12363,3402,287,37,500
ROHRI,SUKKUR,TALUKA,OVERALL,60361,31,2,,47888,8053,694,2865,828
ROHRI,SUKKUR,TALUKA,RURAL,43193,,2,,34274,5291,302,2776,548
ROHRI,SUKKUR,TALUKA,URBAN,17168,31,,,13614,2762,392,89,280
SALEHPAT,SUKKUR,TALUKA,OVERALL,26670,,,,21213,2893,129,2157,278
SALEHPAT,SUKKUR,TALUKA,RURAL,20189,,,,16610,1620,67,1679,213
SALEHPAT,SUKKUR,TALUKA,URBAN,6481,,,,4603,1273,62,478,65
SUKKUR CITY,SUKKUR,TALUKA,OVERALL,30396,252,32,535,22294,3416,3359,188,320
SUKKUR CITY,SUKKUR,TALUKA,RURAL,,,,,,,,,
SUKKUR CITY,SUKKUR,TALUKA,URBAN,30396,252,32,535,22294,3416,3359,188,320
TANDO ALLAHYAR,TANDO ALLAHYAR,DISTRICT,OVERALL,150871,43,3,9,120197,17474,2131,9395,1619
TANDO ALLAHYAR,TANDO ALLAHYAR,DISTRICT,RURAL,102978,13,2,2,83208,10295,683,7945,830
TANDO ALLAHYAR,TANDO ALLAHYAR,DISTRICT,URBAN,47893,30,1,7,36989,7179,1448,1450,789
CHAMBER,TANDO ALLAHYAR,TALUKA,OVERALL,38423,,,4,30233,4163,323,3407,293
CHAMBER,TANDO ALLAHYAR,TALUKA,RURAL,31748,,,,25580,3042,207,2686,233
CHAMBER,TANDO ALLAHYAR,TALUKA,URBAN,6675,,,4,4653,1121,116,721,60
JHANDO MARI,TANDO ALLAHYAR,TALUKA,OVERALL,43992,1,2,1,35631,4804,261,2969,323
JHANDO MARI,TANDO ALLAHYAR,TALUKA,RURAL,40812,1,2,1,33154,4240,230,2874,310
JHANDO MARI,TANDO ALLAHYAR,TALUKA,URBAN,3180,,,,2477,564,31,95,13
TANDO ALLAHYAR,TANDO ALLAHYAR,TALUKA,OVERALL,68456,42,1,4,54333,8507,1547,3019,1003
TANDO ALLAHYAR,TANDO ALLAHYAR,TALUKA,RURAL,30418,12,,1,24474,3013,246,2385,287
TANDO ALLAHYAR,TANDO ALLAHYAR,TALUKA,URBAN,38038,30,1,3,29859,5494,1301,634,716
TANDO MUHAMMAD KHAN,TANDO MUHAMMAD KHAN,DISTRICT,OVERALL,129766,23,1,4,106444,14595,1477,5663,1559
TANDO MUHAMMAD KHAN,TANDO MUHAMMAD KHAN,DISTRICT,RURAL,102705,9,1,2,86269,10489,452,4492,991
TANDO MUHAMMAD KHAN,TANDO MUHAMMAD KHAN,DISTRICT,URBAN,27061,14,,2,20175,4106,1025,1171,568
BULRI SHAH KARIM,TANDO MUHAMMAD KHAN,TALUKA,OVERALL,45353,2,1,1,37498,5069,203,2083,496
BULRI SHAH KARIM,TANDO MUHAMMAD KHAN,TALUKA,RURAL,43582,2,1,1,36390,4547,179,2054,408
BULRI SHAH KARIM,TANDO MUHAMMAD KHAN,TALUKA,URBAN,1771,,,,1108,522,24,29,88
TANDO GHULAM HYDER,TANDO MUHAMMAD KHAN,TALUKA,OVERALL,38041,15,,,32920,3692,210,836,368
TANDO GHULAM HYDER,TANDO MUHAMMAD KHAN,TALUKA,RURAL,31114,7,,,27335,2866,160,469,277
TANDO GHULAM HYDER,TANDO MUHAMMAD KHAN,TALUKA,URBAN,6927,8,,,5585,826,50,367,91
TANDO MUHAMMAD KHAN,TANDO MUHAMMAD KHAN,TALUKA,OVERALL,46372,6,,3,36026,5834,1064,2744,695
TANDO MUHAMMAD KHAN,TANDO MUHAMMAD KHAN,TALUKA,RURAL,28009,,,1,22544,3076,113,1969,306
TANDO MUHAMMAD KHAN,TANDO MUHAMMAD KHAN,TALUKA,URBAN,18363,6,,2,13482,2758,951,775,389
THARPARKAR,THARPARKAR,DISTRICT,OVERALL,290641,3,1,4,259552,24785,2055,2777,1464
THARPARKAR,THARPARKAR,DISTRICT,RURAL,261224,2,1,,236282,20010,1350,2438,1141
THARPARKAR,THARPARKAR,DISTRICT,URBAN,29417,1,,4,23270,4775,705,339,323
CHACHRO,THARPARKAR,TALUKA,OVERALL,47535,,,,43078,3625,422,88,322
CHACHRO,THARPARKAR,TALUKA,RURAL,43353,,,,39553,3091,369,43,297
CHACHRO,THARPARKAR,TALUKA,URBAN,4182,,,,3525,534,53,45,25
DAHLI,THARPARKAR,TALUKA,OVERALL,40094,,,,37428,2291,184,7,184
DAHLI,THARPARKAR,TALUKA,RURAL,38936,,,,36412,2167,178,6,173
DAHLI,THARPARKAR,TALUKA,URBAN,1158,,,,1016,124,6,1,11
DIPLO,THARPARKAR,TALUKA,OVERALL,32092,,,,28459,3051,241,226,115
DIPLO,THARPARKAR,TALUKA,RURAL,28778,,,,26028,2290,175,224,61
DIPLO,THARPARKAR,TALUKA,URBAN,3314,,,,2431,761,66,2,54
ISLAMKOT,THARPARKAR,TALUKA,OVERALL,42584,2,1,4,38363,3638,342,30,204
ISLAMKOT,THARPARKAR,TALUKA,RURAL,38783,1,1,,35321,3137,173,29,121
ISLAMKOT,THARPARKAR,TALUKA,URBAN,3801,1,,4,3042,501,169,1,83
KALOI,THARPARKAR,TALUKA,OVERALL,32362,1,,,27893,3097,102,1165,104
KALOI,THARPARKAR,TALUKA,RURAL,32362,1,,,27893,3097,102,1165,104
KALOI,THARPARKAR,TALUKA,URBAN,,,,,,,,,
MITHI,THARPARKAR,TALUKA,OVERALL,52315,,,,46122,4667,516,722,288
MITHI,THARPARKAR,TALUKA,RURAL,37584,,,,34495,2337,115,474,163
MITHI,THARPARKAR,TALUKA,URBAN,14731,,,,11627,2330,401,248,125
NAGAR PARKAR,THARPARKAR,TALUKA,OVERALL,43659,,,,38209,4416,248,539,247
NAGAR PARKAR,THARPARKAR,TALUKA,RURAL,41428,,,,36580,3891,238,497,222
NAGAR PARKAR,THARPARKAR,TALUKA,URBAN,2231,,,,1629,525,10,42,25
THATTA,THATTA,DISTRICT,OVERALL,221790,76,,19,177073,22045,2523,16734,3320
THATTA,THATTA,DISTRICT,RURAL,184800,60,,4,148973,16315,1617,15478,2353
THATTA,THATTA,DISTRICT,URBAN,36990,16,,15,28100,5730,906,1256,967
GHORABARI,THATTA,TALUKA,OVERALL,39943,1,,,34005,3935,313,1399,290
GHORABARI,THATTA,TALUKA,RURAL,33135,,,,28482,2949,273,1181,250
GHORABARI,THATTA,TALUKA,URBAN,6808,1,,,5523,986,40,218,40
KETI BUNDER,THATTA,TALUKA,OVERALL,15403,,,,13072,1506,85,681,59
KETI BUNDER,THATTA,TALUKA,RURAL,15403,,,,13072,1506,85,681,59
KETI BUNDER,THATTA,TALUKA,URBAN,,,,,,,,,
MIRPUR SAKRO,THATTA,TALUKA,OVERALL,76087,14,,7,60747,6836,947,6199,1337
MIRPUR SAKRO,THATTA,TALUKA,RURAL,66088,13,,2,53249,5457,566,5776,1025
MIRPUR SAKRO,THATTA,TALUKA,URBAN,9999,1,,5,7498,1379,381,423,312
THATTA,THATTA,TALUKA,OVERALL,90357,61,,12,69249,9768,1178,8455,1634
THATTA,THATTA,TALUKA,RURAL,70174,47,,2,54170,6403,693,7840,1019
THATTA,THATTA,TALUKA,URBAN,20183,14,,10,15079,3365,485,615,615
UMER KOT,UMER KOT,DISTRICT,OVERALL,231840,6,2,2,192782,21736,2267,13724,1321
UMER KOT,UMER KOT,DISTRICT,RURAL,180026,3,2,2,151518,14117,638,12901,845
UMER KOT,UMER KOT,DISTRICT,URBAN,51814,3,,,41264,7619,1629,823,476
KUNRI,UMER KOT,TALUKA,OVERALL,47101,5,2,,38096,5337,662,2646,353
KUNRI,UMER KOT,TALUKA,RURAL,38402,3,2,,31916,3550,142,2538,251
KUNRI,UMER KOT,TALUKA,URBAN,8699,2,,,6180,1787,520,108,102
PITHORO,UMER KOT,TALUKA,OVERALL,25677,,,,20945,2623,106,1913,90
PITHORO,UMER KOT,TALUKA,RURAL,22842,,,,18895,1945,44,1881,77
PITHORO,UMER KOT,TALUKA,URBAN,2835,,,,2050,678,62,32,13
SAMARO,UMER KOT,TALUKA,OVERALL,37956,,,2,31876,2843,304,2705,226
SAMARO,UMER KOT,TALUKA,RURAL,36382,,,2,30741,2556,207,2698,178
SAMARO,UMER KOT,TALUKA,URBAN,1574,,,,1135,287,97,7,48
UMER KOT,UMER KOT,TALUKA,OVERALL,121106,1,,,101865,10933,1195,6460,652
UMER KOT,UMER KOT,TALUKA,RURAL,82400,,,,69966,6066,245,5784,339
UMER KOT,UMER KOT,TALUKA,URBAN,38706,1,,,31899,4867,950,676,313
