name_admin_unit,part_of_district,admin_unit,language,all_sexes_overall,female_overall,male_overall,tgend_overall,all_sexes_rural,female_rural,male_rural,tgend_rural,all_sexes_urban,female_urban,male_urban,tgend_urban
BADIN,BADIN,DISTRICT,BALOCHI,4335,2063,2272,,3703,1745,1958,,632,318,314,
BADIN,BADIN,DISTRICT,BALTI,,,,,,,,,,,,
BADIN,BADIN,DISTRICT,BRAHVI,1419,686,733,,1299,632,667,,120,54,66,
BADIN,BADIN,DISTRICT,HINDKO,21626,10389,11236,1,18713,8987,9725,1,2913,1402,1511,
BADIN,BADIN,DISTRICT,KALASHA,,,,,,,,,,,,
BADIN,BADIN,DISTRICT,KASHMIRI,166,80,85,1,22,12,10,,144,68,75,1
BADIN,BADIN,DISTRICT,KOHIOSTANI,221,99,122,,110,47,63,,111,52,59,
BADIN,BADIN,DISTRICT,MEWATI,1683,831,852,,1664,822,842,,19,9,10,
BADIN,BADIN,DISTRICT,OTHERS,6225,2988,3237,,4185,1962,2223,,2040,1026,1014,
BADIN,BADIN,DISTRICT,PUNJABI,53514,25586,27926,2,26342,12542,13799,1,27172,13044,14127,1
BADIN,BADIN,DISTRICT,PUSHTO,8424,3995,4428,1,2846,1394,1452,,5578,2601,2976,1
BADIN,BADIN,DISTRICT,SARAIKI,7650,3649,4001,,5396,2580,2816,,2254,1069,1185,
BADIN,BADIN,DISTRICT,SHINA,5,3,2,,,,,,5,3,2,
BADIN,BADIN,DISTRICT,SINDHI,1825829,875974,949786,69,1449282,694671,754578,33,376547,181303,195208,36
BADIN,BADIN,DISTRICT,TOTAL,1945417,933287,1012056,74,1516567,726823,789709,35,428850,206464,222347,39
BADIN,BADIN,DISTRICT,URDU,14320,6944,7376,,3005,1429,1576,,11315,5515,5800,
DADU,DADU,DISTRICT,BALOCHI,5974,2924,3050,,5791,2827,2964,,183,97,86,
DADU,DADU,DISTRICT,BALTI,,,,,,,,,,,,
DADU,DADU,DISTRICT,BRAHVI,760,359,401,,651,306,345,,109,53,56,
DADU,DADU,DISTRICT,HINDKO,401,207,194,,377,193,184,,24,14,10,
DADU,DADU,DISTRICT,KALASHA,,,,,,,,,,,,
DADU,DADU,DISTRICT,KASHMIRI,11,7,4,,10,6,4,,1,1,,
DADU,DADU,DISTRICT,KOHIOSTANI,,,,,,,,,,,,
DADU,DADU,DISTRICT,MEWATI,,,,,,,,,,,,
DADU,DADU,DISTRICT,OTHERS,425,233,192,,250,138,112,,175,95,80,
DADU,DADU,DISTRICT,PUNJABI,1962,987,975,,1227,636,591,,735,351,384,
DADU,DADU,DISTRICT,PUSHTO,1262,661,601,,926,498,428,,336,163,173,
DADU,DADU,DISTRICT,SARAIKI,2072,942,1130,,1235,564,671,,837,378,459,
DADU,DADU,DISTRICT,SHINA,1,,1,,1,,1,,,,,
DADU,DADU,DISTRICT,SINDHI,1725321,850068,875167,86,1291998,634800,657161,37,433323,215268,218006,49
DADU,DADU,DISTRICT,TOTAL,1742307,858434,883787,86,1303286,640382,662867,37,439021,218052,220920,49
DADU,DADU,DISTRICT,URDU,4118,2046,2072,,820,414,406,,3298,1632,1666,
GHOTKI,GHOTKI,DISTRICT,BALOCHI,13576,6525,7050,1,12397,5982,6414,1,1179,543,636,
GHOTKI,GHOTKI,DISTRICT,BALTI,1,,1,,,,,,1,,1,
GHOTKI,GHOTKI,DISTRICT,BRAHVI,304,151,153,,281,140,141,,23,11,12,
GHOTKI,GHOTKI,DISTRICT,HINDKO,3799,1806,1993,,2606,1246,1360,,1193,560,633,
GHOTKI,GHOTKI,DISTRICT,KALASHA,,,,,,,,,,,,
GHOTKI,GHOTKI,DISTRICT,KASHMIRI,34,14,20,,9,2,7,,25,12,13,
GHOTKI,GHOTKI,DISTRICT,KOHIOSTANI,,,,,,,,,,,,
GHOTKI,GHOTKI,DISTRICT,MEWATI,283,122,161,,95,42,53,,188,80,108,
GHOTKI,GHOTKI,DISTRICT,OTHERS,1122,525,597,,806,362,444,,316,163,153,
GHOTKI,GHOTKI,DISTRICT,PUNJABI,13605,6602,7003,,5552,2698,2854,,8053,3904,4149,
GHOTKI,GHOTKI,DISTRICT,PUSHTO,4141,2013,2128,,3002,1460,1542,,1139,553,586,
GHOTKI,GHOTKI,DISTRICT,SARAIKI,5812,2830,2982,,2705,1333,1372,,3107,1497,1610,
GHOTKI,GHOTKI,DISTRICT,SHINA,5,2,3,,,,,,5,2,3,
GHOTKI,GHOTKI,DISTRICT,SINDHI,1686586,810214,876330,42,1346798,646753,700023,22,339788,163461,176307,20
GHOTKI,GHOTKI,DISTRICT,TOTAL,1760761,846072,914642,47,1381388,663496,717869,23,379373,182576,196773,24
GHOTKI,GHOTKI,DISTRICT,URDU,31493,15268,16221,4,7137,3478,3659,,24356,11790,12562,4
HYDERABAD,HYDERABAD,DISTRICT,BALOCHI,17558,8228,9328,2,3794,1759,2035,,13764,6469,7293,2
HYDERABAD,HYDERABAD,DISTRICT,BALTI,83,34,49,,,,,,83,34,49,
HYDERABAD,HYDERABAD,DISTRICT,BRAHVI,5479,2592,2887,,2126,1025,1101,,3353,1567,1786,
HYDERABAD,HYDERABAD,DISTRICT,HINDKO,18546,8755,9790,1,3598,1715,1883,,14948,7040,7907,1
HYDERABAD,HYDERABAD,DISTRICT,KALASHA,122,59,63,,,,,,122,59,63,
HYDERABAD,HYDERABAD,DISTRICT,KASHMIRI,575,247,327,1,14,7,7,,561,240,320,1
HYDERABAD,HYDERABAD,DISTRICT,KOHIOSTANI,170,78,92,,,,,,170,78,92,
HYDERABAD,HYDERABAD,DISTRICT,MEWATI,3205,1450,1754,1,71,34,37,,3134,1416,1717,1
HYDERABAD,HYDERABAD,DISTRICT,OTHERS,56380,27130,29243,7,14080,6620,7460,,42300,20510,21783,7
HYDERABAD,HYDERABAD,DISTRICT,PUNJABI,75959,35841,40098,20,3294,1563,1731,,72665,34278,38367,20
HYDERABAD,HYDERABAD,DISTRICT,PUSHTO,68878,31592,37284,2,2423,1129,1294,,66455,30463,35990,2
HYDERABAD,HYDERABAD,DISTRICT,SARAIKI,19442,9097,10342,3,3567,1681,1886,,15875,7416,8456,3
HYDERABAD,HYDERABAD,DISTRICT,SHINA,236,97,139,,135,49,86,,101,48,53,
HYDERABAD,HYDERABAD,DISTRICT,SINDHI,1048906,487109,561742,55,374714,176755,197952,7,674192,310354,363790,48
HYDERABAD,HYDERABAD,DISTRICT,TOTAL,2432540,1143092,1289277,171,410161,193436,216718,7,2022379,949656,1072559,164
HYDERABAD,HYDERABAD,DISTRICT,URDU,1117001,530783,586139,79,2345,1099,1246,,1114656,529684,584893,79
JACOBABAD,JACOBABAD,DISTRICT,BALOCHI,76552,37508,39040,4,64081,31361,32716,4,12471,6147,6324,
JACOBABAD,JACOBABAD,DISTRICT,BALTI,5,2,3,,5,2,3,,,,,
JACOBABAD,JACOBABAD,DISTRICT,BRAHVI,25113,12627,12486,,22609,11369,11240,,2504,1258,1246,
JACOBABAD,JACOBABAD,DISTRICT,HINDKO,553,262,291,,311,141,170,,242,121,121,
JACOBABAD,JACOBABAD,DISTRICT,KALASHA,,,,,,,,,,,,
JACOBABAD,JACOBABAD,DISTRICT,KASHMIRI,55,25,30,,47,21,26,,8,4,4,
JACOBABAD,JACOBABAD,DISTRICT,KOHIOSTANI,,,,,,,,,,,,
JACOBABAD,JACOBABAD,DISTRICT,MEWATI,10,7,3,,5,4,1,,5,3,2,
JACOBABAD,JACOBABAD,DISTRICT,OTHERS,529,245,284,,261,118,143,,268,127,141,
JACOBABAD,JACOBABAD,DISTRICT,PUNJABI,2543,1269,1273,1,2067,1025,1041,1,476,244,232,
JACOBABAD,JACOBABAD,DISTRICT,PUSHTO,3510,1747,1763,,2680,1351,1329,,830,396,434,
JACOBABAD,JACOBABAD,DISTRICT,SARAIKI,8444,4289,4154,1,4171,2139,2032,,4273,2150,2122,1
JACOBABAD,JACOBABAD,DISTRICT,SHINA,3,2,1,,3,2,1,,,,,
JACOBABAD,JACOBABAD,DISTRICT,SINDHI,1052864,518276,534485,103,714845,352305,362517,23,338019,165971,171968,80
JACOBABAD,JACOBABAD,DISTRICT,TOTAL,1174097,578201,595787,109,812180,400369,411783,28,361917,177832,184004,81
JACOBABAD,JACOBABAD,DISTRICT,URDU,3916,1942,1974,,1095,531,564,,2821,1411,1410,
JAMSHORO,JAMSHORO,DISTRICT,BALOCHI,16348,7955,8392,1,12562,6136,6425,1,3786,1819,1967,
JAMSHORO,JAMSHORO,DISTRICT,BALTI,5,3,2,,,,,,5,3,2,
JAMSHORO,JAMSHORO,DISTRICT,BRAHVI,1992,983,1009,,389,182,207,,1603,801,802,
JAMSHORO,JAMSHORO,DISTRICT,HINDKO,4372,2095,2277,,2230,1050,1180,,2142,1045,1097,
JAMSHORO,JAMSHORO,DISTRICT,KALASHA,,,,,,,,,,,,
JAMSHORO,JAMSHORO,DISTRICT,KASHMIRI,229,108,121,,35,14,21,,194,94,100,
JAMSHORO,JAMSHORO,DISTRICT,KOHIOSTANI,94,45,49,,9,6,3,,85,39,46,
JAMSHORO,JAMSHORO,DISTRICT,MEWATI,397,172,225,,38,16,22,,359,156,203,
JAMSHORO,JAMSHORO,DISTRICT,OTHERS,2087,1001,1086,,975,461,514,,1112,540,572,
JAMSHORO,JAMSHORO,DISTRICT,PUNJABI,26141,12486,13654,1,2302,1105,1197,,23839,11381,12457,1
JAMSHORO,JAMSHORO,DISTRICT,PUSHTO,20880,10078,10800,2,1070,524,546,,19810,9554,10254,2
JAMSHORO,JAMSHORO,DISTRICT,SARAIKI,4613,2184,2429,,689,343,346,,3924,1841,2083,
JAMSHORO,JAMSHORO,DISTRICT,SHINA,2,1,1,,,,,,2,1,1,
JAMSHORO,JAMSHORO,DISTRICT,SINDHI,999091,482060,516968,63,574084,275509,298567,8,425007,206551,218401,55
JAMSHORO,JAMSHORO,DISTRICT,TOTAL,1117216,539157,577992,67,595470,285849,309612,9,521746,253308,268380,58
JAMSHORO,JAMSHORO,DISTRICT,URDU,40965,19986,20979,,1087,503,584,,39878,19483,20395,
KAMBAR SHAHDAD KOT,KAMBAR SHAHDAD KOT,DISTRICT,BALOCHI,11317,5409,5908,,7144,3446,3698,,4173,1963,2210,
KAMBAR SHAHDAD KOT,KAMBAR SHAHDAD KOT,DISTRICT,BALTI,,,,,,,,,,,,
KAMBAR SHAHDAD KOT,KAMBAR SHAHDAD KOT,DISTRICT,BRAHVI,39034,19014,20020,,28322,13774,14548,,10712,5240,5472,
KAMBAR SHAHDAD KOT,KAMBAR SHAHDAD KOT,DISTRICT,HINDKO,385,163,222,,325,136,189,,60,27,33,
KAMBAR SHAHDAD KOT,KAMBAR SHAHDAD KOT,DISTRICT,KALASHA,2,1,1,,1,,1,,1,1,,
KAMBAR SHAHDAD KOT,KAMBAR SHAHDAD KOT,DISTRICT,KASHMIRI,10,4,6,,8,3,5,,2,1,1,
KAMBAR SHAHDAD KOT,KAMBAR SHAHDAD KOT,DISTRICT,KOHIOSTANI,,,,,,,,,,,,
KAMBAR SHAHDAD KOT,KAMBAR SHAHDAD KOT,DISTRICT,MEWATI,380,175,205,,380,175,205,,,,,
KAMBAR SHAHDAD KOT,KAMBAR SHAHDAD KOT,DISTRICT,OTHERS,160,75,85,,89,44,45,,71,31,40,
KAMBAR SHAHDAD KOT,KAMBAR SHAHDAD KOT,DISTRICT,PUNJABI,967,450,517,,214,107,107,,753,343,410,
KAMBAR SHAHDAD KOT,KAMBAR SHAHDAD KOT,DISTRICT,PUSHTO,1364,672,692,,812,408,404,,552,264,288,
KAMBAR SHAHDAD KOT,KAMBAR SHAHDAD KOT,DISTRICT,SARAIKI,1955,917,1038,,732,319,413,,1223,598,625,
KAMBAR SHAHDAD KOT,KAMBAR SHAHDAD KOT,DISTRICT,SHINA,3,1,2,,3,1,2,,,,,
KAMBAR SHAHDAD KOT,KAMBAR SHAHDAD KOT,DISTRICT,SINDHI,1457464,695917,761504,43,1054714,502761,551938,15,402750,193156,209566,28
KAMBAR SHAHDAD KOT,KAMBAR SHAHDAD KOT,DISTRICT,TOTAL,1514869,723710,791116,43,1093004,521312,571677,15,421865,202398,219439,28
KAMBAR SHAHDAD KOT,KAMBAR SHAHDAD KOT,DISTRICT,URDU,1828,912,916,,260,138,122,,1568,774,794,
KARACHI CENTRAL,KARACHI CENTRAL,DISTRICT,BALOCHI,33638,15273,18351,14,,,,,33638,15273,18351,14
KARACHI CENTRAL,KARACHI CENTRAL,DISTRICT,BALTI,2438,1107,1330,1,,,,,2438,1107,1330,1
KARACHI CENTRAL,KARACHI CENTRAL,DISTRICT,BRAHVI,6111,2816,3295,,,,,,6111,2816,3295,
KARACHI CENTRAL,KARACHI CENTRAL,DISTRICT,HINDKO,31693,14452,17238,3,,,,,31693,14452,17238,3
KARACHI CENTRAL,KARACHI CENTRAL,DISTRICT,KALASHA,109,48,60,1,,,,,109,48,60,1
KARACHI CENTRAL,KARACHI CENTRAL,DISTRICT,KASHMIRI,6493,2636,3857,,,,,,6493,2636,3857,
KARACHI CENTRAL,KARACHI CENTRAL,DISTRICT,KOHIOSTANI,3767,1682,2085,,,,,,3767,1682,2085,
KARACHI CENTRAL,KARACHI CENTRAL,DISTRICT,MEWATI,4134,1908,2226,,,,,,4134,1908,2226,
KARACHI CENTRAL,KARACHI CENTRAL,DISTRICT,OTHERS,100841,47845,52972,24,,,,,100841,47845,52972,24
KARACHI CENTRAL,KARACHI CENTRAL,DISTRICT,PUNJABI,154238,70190,83928,120,,,,,154238,70190,83928,120
KARACHI CENTRAL,KARACHI CENTRAL,DISTRICT,PUSHTO,177748,76651,101080,17,,,,,177748,76651,101080,17
KARACHI CENTRAL,KARACHI CENTRAL,DISTRICT,SARAIKI,148299,64664,83548,87,,,,,148299,64664,83548,87
KARACHI CENTRAL,KARACHI CENTRAL,DISTRICT,SHINA,2205,930,1275,,,,,,2205,930,1275,
KARACHI CENTRAL,KARACHI CENTRAL,DISTRICT,SINDHI,84881,35393,49468,20,,,,,84881,35393,49468,20
KARACHI CENTRAL,KARACHI CENTRAL,DISTRICT,TOTAL,3820388,1801639,2018186,563,,,,,3820388,1801639,2018186,563
KARACHI CENTRAL,KARACHI CENTRAL,DISTRICT,URDU,3063793,1466044,1597473,276,,,,,3063793,1466044,1597473,276
KARACHI EAST,KARACHI EAST,DISTRICT,BALOCHI,71312,33032,38273,7,,,,,71312,33032,38273,7
KARACHI EAST,KARACHI EAST,DISTRICT,BALTI,12297,5346,6951,,,,,,12297,5346,6951,
KARACHI EAST,KARACHI EAST,DISTRICT,BRAHVI,4742,2159,2583,,,,,,4742,2159,2583,
KARACHI EAST,KARACHI EAST,DISTRICT,HINDKO,91034,42233,48796,5,,,,,91034,42233,48796,5
KARACHI EAST,KARACHI EAST,DISTRICT,KALASHA,172,82,90,,,,,,172,82,90,
KARACHI EAST,KARACHI EAST,DISTRICT,KASHMIRI,14077,5995,8076,6,,,,,14077,5995,8076,6
KARACHI EAST,KARACHI EAST,DISTRICT,KOHIOSTANI,2285,1001,1283,1,,,,,2285,1001,1283,1
KARACHI EAST,KARACHI EAST,DISTRICT,MEWATI,6738,3088,3650,,,,,,6738,3088,3650,
KARACHI EAST,KARACHI EAST,DISTRICT,OTHERS,194350,92191,102153,6,,,,,194350,92191,102153,6
KARACHI EAST,KARACHI EAST,DISTRICT,PUNJABI,407425,189377,217930,118,,,,,407425,189377,217930,118
KARACHI EAST,KARACHI EAST,DISTRICT,PUSHTO,453464,200780,252671,13,,,,,453464,200780,252671,13
KARACHI EAST,KARACHI EAST,DISTRICT,SARAIKI,231523,105701,125784,38,,,,,231523,105701,125784,38
KARACHI EAST,KARACHI EAST,DISTRICT,SHINA,6314,2715,3599,,,,,,6314,2715,3599,
KARACHI EAST,KARACHI EAST,DISTRICT,SINDHI,501156,228431,272664,61,,,,,501156,228431,272664,61
KARACHI EAST,KARACHI EAST,DISTRICT,TOTAL,3913656,1832391,2080839,426,,,,,3913656,1832391,2080839,426
KARACHI EAST,KARACHI EAST,DISTRICT,URDU,1916767,920260,996336,171,,,,,1916767,920260,996336,171
KARACHI SOUTH,KARACHI SOUTH,DISTRICT,BALOCHI,269872,129805,140044,23,,,,,269872,129805,140044,23
KARACHI SOUTH,KARACHI SOUTH,DISTRICT,BALTI,1169,455,714,,,,,,1169,455,714,
KARACHI SOUTH,KARACHI SOUTH,DISTRICT,BRAHVI,8434,3935,4497,2,,,,,8434,3935,4497,2
KARACHI SOUTH,KARACHI SOUTH,DISTRICT,HINDKO,86498,39843,46648,7,,,,,86498,39843,46648,7
KARACHI SOUTH,KARACHI SOUTH,DISTRICT,KALASHA,56,16,40,,,,,,56,16,40,
KARACHI SOUTH,KARACHI SOUTH,DISTRICT,KASHMIRI,5370,2141,3226,3,,,,,5370,2141,3226,3
KARACHI SOUTH,KARACHI SOUTH,DISTRICT,KOHIOSTANI,551,205,346,,,,,,551,205,346,
KARACHI SOUTH,KARACHI SOUTH,DISTRICT,MEWATI,1501,684,817,,,,,,1501,684,817,
KARACHI SOUTH,KARACHI SOUTH,DISTRICT,OTHERS,311965,150648,161286,31,,,,,311965,150648,161286,31
KARACHI SOUTH,KARACHI SOUTH,DISTRICT,PUNJABI,190438,88005,102328,105,,,,,190438,88005,102328,105
KARACHI SOUTH,KARACHI SOUTH,DISTRICT,PUSHTO,219474,93590,125867,17,,,,,219474,93590,125867,17
KARACHI SOUTH,KARACHI SOUTH,DISTRICT,SARAIKI,61543,26408,35090,45,,,,,61543,26408,35090,45
KARACHI SOUTH,KARACHI SOUTH,DISTRICT,SHINA,498,199,299,,,,,,498,199,299,
KARACHI SOUTH,KARACHI SOUTH,DISTRICT,SINDHI,363930,168145,195748,37,,,,,363930,168145,195748,37
KARACHI SOUTH,KARACHI SOUTH,DISTRICT,TOTAL,2329764,1088520,1240860,384,,,,,2329764,1088520,1240860,384
KARACHI SOUTH,KARACHI SOUTH,DISTRICT,URDU,808465,384441,423910,114,,,,,808465,384441,423910,114
KARACHI WEST,KARACHI WEST,DISTRICT,BALOCHI,73542,34935,38601,6,24978,11867,13109,2,48564,23068,25492,4
KARACHI WEST,KARACHI WEST,DISTRICT,BALTI,1765,813,952,,430,203,227,,1335,610,725,
KARACHI WEST,KARACHI WEST,DISTRICT,BRAHVI,19374,9229,10145,,12946,6198,6748,,6428,3031,3397,
KARACHI WEST,KARACHI WEST,DISTRICT,HINDKO,64030,30048,33981,1,5177,2410,2767,,58853,27638,31214,1
KARACHI WEST,KARACHI WEST,DISTRICT,KALASHA,131,67,64,,107,56,51,,24,11,13,
KARACHI WEST,KARACHI WEST,DISTRICT,KASHMIRI,5434,2495,2938,1,1171,549,622,,4263,1946,2316,1
KARACHI WEST,KARACHI WEST,DISTRICT,KOHIOSTANI,2058,949,1109,,399,194,205,,1659,755,904,
KARACHI WEST,KARACHI WEST,DISTRICT,MEWATI,6714,3129,3585,,209,92,117,,6505,3037,3468,
KARACHI WEST,KARACHI WEST,DISTRICT,OTHERS,40873,19316,21553,4,10329,4820,5509,,30544,14496,16044,4
KARACHI WEST,KARACHI WEST,DISTRICT,PUNJABI,130596,61240,69314,42,10438,4824,5614,,120158,56416,63700,42
KARACHI WEST,KARACHI WEST,DISTRICT,PUSHTO,653129,302902,350205,22,84551,38836,45712,3,568578,264066,304493,19
KARACHI WEST,KARACHI WEST,DISTRICT,SARAIKI,92741,42944,49787,10,13003,6061,6940,2,79738,36883,42847,8
KARACHI WEST,KARACHI WEST,DISTRICT,SHINA,772,359,413,,96,43,53,,676,316,360,
KARACHI WEST,KARACHI WEST,DISTRICT,SINDHI,103826,48110,55715,1,25605,12092,13513,,78221,36018,42202,1
KARACHI WEST,KARACHI WEST,DISTRICT,TOTAL,2679380,1263753,1415430,197,248952,116360,132585,7,2430428,1147393,1282845,190
KARACHI WEST,KARACHI WEST,DISTRICT,URDU,1484395,707217,777068,110,59513,28115,31398,,1424882,679102,745670,110
KASHMORE,KASHMORE,DISTRICT,BALOCHI,64208,31791,32416,1,60310,29848,30462,,3898,1943,1954,1
KASHMORE,KASHMORE,DISTRICT,BALTI,,,,,,,,,,,,
KASHMORE,KASHMORE,DISTRICT,BRAHVI,395,184,211,,391,183,208,,4,1,3,
KASHMORE,KASHMORE,DISTRICT,HINDKO,275,140,135,,191,101,90,,84,39,45,
KASHMORE,KASHMORE,DISTRICT,KALASHA,1,1,,,,,,,1,1,,
KASHMORE,KASHMORE,DISTRICT,KASHMIRI,36,15,21,,28,14,14,,8,1,7,
KASHMORE,KASHMORE,DISTRICT,KOHIOSTANI,2,2,,,,,,,2,2,,
KASHMORE,KASHMORE,DISTRICT,MEWATI,,,,,,,,,,,,
KASHMORE,KASHMORE,DISTRICT,OTHERS,309,153,156,,295,147,148,,14,6,8,
KASHMORE,KASHMORE,DISTRICT,PUNJABI,852,423,428,1,344,162,182,,508,261,246,1
KASHMORE,KASHMORE,DISTRICT,PUSHTO,3653,1849,1804,,1557,797,760,,2096,1052,1044,
KASHMORE,KASHMORE,DISTRICT,SARAIKI,2684,1320,1363,1,976,460,516,,1708,860,847,1
KASHMORE,KASHMORE,DISTRICT,SHINA,1,,1,,1,,1,,,,,
KASHMORE,KASHMORE,DISTRICT,SINDHI,1160762,569369,591350,43,897765,437636,460107,22,262997,131733,131243,21
KASHMORE,KASHMORE,DISTRICT,TOTAL,1233957,605646,628265,46,962174,469512,492640,22,271783,136134,135625,24
KASHMORE,KASHMORE,DISTRICT,URDU,779,399,380,,316,164,152,,463,235,228,
KEAMARI,KEAMARI,DISTRICT,BALOCHI,146835,70613,76208,14,,,,,146835,70613,76208,14
KEAMARI,KEAMARI,DISTRICT,BALTI,603,304,299,,,,,,603,304,299,
KEAMARI,KEAMARI,DISTRICT,BRAHVI,13069,5903,7165,1,,,,,13069,5903,7165,1
KEAMARI,KEAMARI,DISTRICT,HINDKO,160190,75770,84410,10,,,,,160190,75770,84410,10
KEAMARI,KEAMARI,DISTRICT,KALASHA,29,13,16,,,,,,29,13,16,
KEAMARI,KEAMARI,DISTRICT,KASHMIRI,6485,2983,3500,2,,,,,6485,2983,3500,2
KEAMARI,KEAMARI,DISTRICT,KOHIOSTANI,3254,1569,1685,,,,,,3254,1569,1685,
KEAMARI,KEAMARI,DISTRICT,MEWATI,1199,544,655,,,,,,1199,544,655,
KEAMARI,KEAMARI,DISTRICT,OTHERS,121502,56943,64549,10,,,,,121502,56943,64549,10
KEAMARI,KEAMARI,DISTRICT,PUNJABI,223919,104531,119336,52,,,,,223919,104531,119336,52
KEAMARI,KEAMARI,DISTRICT,PUSHTO,684923,315533,369334,56,,,,,684923,315533,369334,56
KEAMARI,KEAMARI,DISTRICT,SARAIKI,56474,25379,31077,18,,,,,56474,25379,31077,18
KEAMARI,KEAMARI,DISTRICT,SHINA,1101,516,585,,,,,,1101,516,585,
KEAMARI,KEAMARI,DISTRICT,SINDHI,191220,87970,103225,25,,,,,191220,87970,103225,25
KEAMARI,KEAMARI,DISTRICT,TOTAL,2066574,966637,1099725,212,,,,,2066574,966637,1099725,212
KEAMARI,KEAMARI,DISTRICT,URDU,455771,218066,237681,24,,,,,455771,218066,237681,24
KHAIRPUR,KHAIRPUR,DISTRICT,BALOCHI,13248,6599,6649,,11336,5690,5646,,1912,909,1003,
KHAIRPUR,KHAIRPUR,DISTRICT,BALTI,87,42,45,,87,42,45,,,,,
KHAIRPUR,KHAIRPUR,DISTRICT,BRAHVI,1722,842,880,,1633,805,828,,89,37,52,
KHAIRPUR,KHAIRPUR,DISTRICT,HINDKO,4442,2237,2205,,3600,1805,1795,,842,432,410,
KHAIRPUR,KHAIRPUR,DISTRICT,KALASHA,,,,,,,,,,,,
KHAIRPUR,KHAIRPUR,DISTRICT,KASHMIRI,15,10,5,,10,7,3,,5,3,2,
KHAIRPUR,KHAIRPUR,DISTRICT,KOHIOSTANI,32,17,15,,,,,,32,17,15,
KHAIRPUR,KHAIRPUR,DISTRICT,MEWATI,15,6,9,,1,1,,,14,5,9,
KHAIRPUR,KHAIRPUR,DISTRICT,OTHERS,2110,1062,1048,,1162,564,598,,948,498,450,
KHAIRPUR,KHAIRPUR,DISTRICT,PUNJABI,17339,8681,8652,6,9578,4798,4780,,7761,3883,3872,6
KHAIRPUR,KHAIRPUR,DISTRICT,PUSHTO,3864,1869,1993,2,1892,918,974,,1972,951,1019,2
KHAIRPUR,KHAIRPUR,DISTRICT,SARAIKI,5454,2705,2748,1,3819,1901,1918,,1635,804,830,1
KHAIRPUR,KHAIRPUR,DISTRICT,SHINA,9,4,5,,9,4,5,,,,,
KHAIRPUR,KHAIRPUR,DISTRICT,SINDHI,2538366,1251944,1286294,128,1717576,846313,871220,43,820790,405631,415074,85
KHAIRPUR,KHAIRPUR,DISTRICT,TOTAL,2597448,1281426,1315884,138,1753186,864109,889034,43,844262,417317,426850,95
KHAIRPUR,KHAIRPUR,DISTRICT,URDU,10745,5408,5336,1,2483,1261,1222,,8262,4147,4114,1
KORANGI,KORANGI,DISTRICT,BALOCHI,22574,10530,12039,5,,,,,22574,10530,12039,5
KORANGI,KORANGI,DISTRICT,BALTI,6924,3305,3619,,,,,,6924,3305,3619,
KORANGI,KORANGI,DISTRICT,BRAHVI,1422,642,780,,,,,,1422,642,780,
KORANGI,KORANGI,DISTRICT,HINDKO,82491,38310,44159,22,,,,,82491,38310,44159,22
KORANGI,KORANGI,DISTRICT,KALASHA,59,27,32,,,,,,59,27,32,
KORANGI,KORANGI,DISTRICT,KASHMIRI,6056,2695,3354,7,,,,,6056,2695,3354,7
KORANGI,KORANGI,DISTRICT,KOHIOSTANI,800,382,417,1,,,,,800,382,417,1
KORANGI,KORANGI,DISTRICT,MEWATI,8247,3852,4393,2,,,,,8247,3852,4393,2
KORANGI,KORANGI,DISTRICT,OTHERS,96917,46068,50845,4,,,,,96917,46068,50845,4
KORANGI,KORANGI,DISTRICT,PUNJABI,298075,140034,157876,165,,,,,298075,140034,157876,165
KORANGI,KORANGI,DISTRICT,PUSHTO,134924,60617,74266,41,,,,,134924,60617,74266,41
KORANGI,KORANGI,DISTRICT,SARAIKI,85428,38568,46803,57,,,,,85428,38568,46803,57
KORANGI,KORANGI,DISTRICT,SHINA,6752,3023,3729,,,,,,6752,3023,3729,
KORANGI,KORANGI,DISTRICT,SINDHI,172684,77859,94742,83,,,,,172684,77859,94742,83
KORANGI,KORANGI,DISTRICT,TOTAL,3127976,1477616,1649694,666,,,,,3127976,1477616,1649694,666
KORANGI,KORANGI,DISTRICT,URDU,2204623,1051704,1152640,279,,,,,2204623,1051704,1152640,279
LARKANA,LARKANA,DISTRICT,BALOCHI,3201,1523,1676,2,2404,1139,1265,,797,384,411,2
LARKANA,LARKANA,DISTRICT,BALTI,1,1,,,,,,,1,1,,
LARKANA,LARKANA,DISTRICT,BRAHVI,10199,4967,5232,,6310,3050,3260,,3889,1917,1972,
LARKANA,LARKANA,DISTRICT,HINDKO,258,113,145,,229,97,132,,29,16,13,
LARKANA,LARKANA,DISTRICT,KALASHA,,,,,,,,,,,,
LARKANA,LARKANA,DISTRICT,KASHMIRI,55,28,22,5,7,4,3,,48,24,19,5
LARKANA,LARKANA,DISTRICT,KOHIOSTANI,1,1,,,,,,,1,1,,
LARKANA,LARKANA,DISTRICT,MEWATI,2198,1014,1184,,607,271,336,,1591,743,848,
LARKANA,LARKANA,DISTRICT,OTHERS,144,78,66,,25,12,13,,119,66,53,
LARKANA,LARKANA,DISTRICT,PUNJABI,274,125,148,1,59,27,32,,215,98,116,1
LARKANA,LARKANA,DISTRICT,PUSHTO,1376,654,721,1,677,326,351,,699,328,370,1
LARKANA,LARKANA,DISTRICT,SARAIKI,375,167,204,4,171,76,95,,204,91,109,4
LARKANA,LARKANA,DISTRICT,SHINA,3,3,,,,,,,3,3,,
LARKANA,LARKANA,DISTRICT,SINDHI,1765521,842648,922769,104,975656,467056,508571,29,789865,375592,414198,75
LARKANA,LARKANA,DISTRICT,TOTAL,1784453,851732,932604,117,986302,472135,514138,29,798151,379597,418466,88
LARKANA,LARKANA,DISTRICT,URDU,847,410,437,,157,77,80,,690,333,357,
MALIR,MALIR,DISTRICT,BALOCHI,190579,91045,99523,11,122161,58273,63882,6,68418,32772,35641,5
MALIR,MALIR,DISTRICT,BALTI,1710,836,874,,216,88,128,,1494,748,746,
MALIR,MALIR,DISTRICT,BRAHVI,22841,10788,12052,1,19520,9242,10277,1,3321,1546,1775,
MALIR,MALIR,DISTRICT,HINDKO,137791,65505,72273,13,34807,16407,18400,,102984,49098,53873,13
MALIR,MALIR,DISTRICT,KALASHA,58,15,43,,21,10,11,,37,5,32,
MALIR,MALIR,DISTRICT,KASHMIRI,7067,3133,3928,6,2481,1110,1371,,4586,2023,2557,6
MALIR,MALIR,DISTRICT,KOHIOSTANI,1358,617,741,,400,171,229,,958,446,512,
MALIR,MALIR,DISTRICT,MEWATI,1842,892,950,,1271,617,654,,571,275,296,
MALIR,MALIR,DISTRICT,OTHERS,76717,36812,39901,4,66027,31710,34315,2,10690,5102,5586,2
MALIR,MALIR,DISTRICT,PUNJABI,240591,111679,128849,63,104735,48088,56611,36,135856,63591,72238,27
MALIR,MALIR,DISTRICT,PUSHTO,428486,199565,228901,20,110527,50136,60387,4,317959,149429,168514,16
MALIR,MALIR,DISTRICT,SARAIKI,77895,35777,42110,8,29645,13395,16248,2,48250,22382,25862,6
MALIR,MALIR,DISTRICT,SHINA,4218,1970,2248,,1006,465,541,,3212,1505,1707,
MALIR,MALIR,DISTRICT,SINDHI,846492,394194,452231,67,651439,304071,347320,48,195053,90123,104911,19
MALIR,MALIR,DISTRICT,TOTAL,2419736,1136907,1282604,225,1264678,591000,673564,114,1155058,545907,609040,111
MALIR,MALIR,DISTRICT,URDU,382091,184079,197980,32,120422,57217,63190,15,261669,126862,134790,17
MATIARI,MATIARI,DISTRICT,BALOCHI,11322,5579,5743,,9343,4567,4776,,1979,1012,967,
MATIARI,MATIARI,DISTRICT,BALTI,,,,,,,,,,,,
MATIARI,MATIARI,DISTRICT,BRAHVI,488,249,239,,385,196,189,,103,53,50,
MATIARI,MATIARI,DISTRICT,HINDKO,11128,5440,5688,,7968,3872,4096,,3160,1568,1592,
MATIARI,MATIARI,DISTRICT,KALASHA,1,1,,,1,1,,,,,,
MATIARI,MATIARI,DISTRICT,KASHMIRI,8,3,5,,2,1,1,,6,2,4,
MATIARI,MATIARI,DISTRICT,KOHIOSTANI,,,,,,,,,,,,
MATIARI,MATIARI,DISTRICT,MEWATI,1,,1,,1,,1,,,,,
MATIARI,MATIARI,DISTRICT,OTHERS,4889,2404,2485,,4297,2094,2203,,592,310,282,
MATIARI,MATIARI,DISTRICT,PUNJABI,3893,1890,2003,,1546,729,817,,2347,1161,1186,
MATIARI,MATIARI,DISTRICT,PUSHTO,3599,1789,1810,,1309,650,659,,2290,1139,1151,
MATIARI,MATIARI,DISTRICT,SARAIKI,1963,965,998,,1456,737,719,,507,228,279,
MATIARI,MATIARI,DISTRICT,SHINA,,,,,,,,,,,,
MATIARI,MATIARI,DISTRICT,SINDHI,789454,389640,399792,22,617032,304309,312714,9,172422,85331,87078,13
MATIARI,MATIARI,DISTRICT,TOTAL,849351,419246,430080,25,646688,318814,327865,9,202663,100432,102215,16
MATIARI,MATIARI,DISTRICT,URDU,22605,11286,11316,3,3348,1658,1690,,19257,9628,9626,3
MIRPUR KHAS,MIRPUR KHAS,DISTRICT,BALOCHI,27659,13243,14415,1,12906,6147,6759,,14753,7096,7656,1
MIRPUR KHAS,MIRPUR KHAS,DISTRICT,BALTI,2,2,,,2,2,,,,,,
MIRPUR KHAS,MIRPUR KHAS,DISTRICT,BRAHVI,5009,2357,2652,,4266,2008,2258,,743,349,394,
MIRPUR KHAS,MIRPUR KHAS,DISTRICT,HINDKO,27319,13018,14300,1,21025,10036,10988,1,6294,2982,3312,
MIRPUR KHAS,MIRPUR KHAS,DISTRICT,KALASHA,1,,1,,1,,1,,,,,
MIRPUR KHAS,MIRPUR KHAS,DISTRICT,KASHMIRI,49,30,19,,6,4,2,,43,26,17,
MIRPUR KHAS,MIRPUR KHAS,DISTRICT,KOHIOSTANI,133,60,73,,1,,1,,132,60,72,
MIRPUR KHAS,MIRPUR KHAS,DISTRICT,MEWATI,9322,4450,4872,,7334,3470,3864,,1988,980,1008,
MIRPUR KHAS,MIRPUR KHAS,DISTRICT,OTHERS,43519,20518,23000,1,31702,14945,16756,1,11817,5573,6244,
MIRPUR KHAS,MIRPUR KHAS,DISTRICT,PUNJABI,105442,50467,54961,14,45441,21741,23697,3,60001,28726,31264,11
MIRPUR KHAS,MIRPUR KHAS,DISTRICT,PUSHTO,11620,5545,6075,,4538,2207,2331,,7082,3338,3744,
MIRPUR KHAS,MIRPUR KHAS,DISTRICT,SARAIKI,11437,5546,5891,,7235,3491,3744,,4202,2055,2147,
MIRPUR KHAS,MIRPUR KHAS,DISTRICT,SHINA,5,3,2,,4,2,2,,1,1,,
MIRPUR KHAS,MIRPUR KHAS,DISTRICT,SINDHI,1238963,588691,650239,33,1031743,490286,541442,15,207220,98405,108797,18
MIRPUR KHAS,MIRPUR KHAS,DISTRICT,TOTAL,1680980,799038,881863,79,1189032,565117,623895,20,491948,233921,257968,59
MIRPUR KHAS,MIRPUR KHAS,DISTRICT,URDU,200500,95108,105363,29,22828,10778,12050,,177672,84330,93313,29
NAUSHAHRO FEROZE,NAUSHAHRO FEROZE,DISTRICT,BALOCHI,4815,2373,2442,,3595,1787,1808,,1220,586,634,
NAUSHAHRO FEROZE,NAUSHAHRO FEROZE,DISTRICT,BALTI,,,,,,,,,,,,
NAUSHAHRO FEROZE,NAUSHAHRO FEROZE,DISTRICT,BRAHVI,8186,3953,4233,,6235,2999,3236,,1951,954,997,
NAUSHAHRO FEROZE,NAUSHAHRO FEROZE,DISTRICT,HINDKO,4216,2119,2097,,2824,1400,1424,,1392,719,673,
NAUSHAHRO FEROZE,NAUSHAHRO FEROZE,DISTRICT,KALASHA,,,,,,,,,,,,
NAUSHAHRO FEROZE,NAUSHAHRO FEROZE,DISTRICT,KASHMIRI,17,7,10,,7,3,4,,10,4,6,
NAUSHAHRO FEROZE,NAUSHAHRO FEROZE,DISTRICT,KOHIOSTANI,8,6,2,,8,6,2,,,,,
NAUSHAHRO FEROZE,NAUSHAHRO FEROZE,DISTRICT,MEWATI,80,41,39,,80,41,39,,,,,
NAUSHAHRO FEROZE,NAUSHAHRO FEROZE,DISTRICT,OTHERS,1828,909,919,,850,420,430,,978,489,489,
NAUSHAHRO FEROZE,NAUSHAHRO FEROZE,DISTRICT,PUNJABI,37916,18760,19149,7,12886,6331,6555,,25030,12429,12594,7
NAUSHAHRO FEROZE,NAUSHAHRO FEROZE,DISTRICT,PUSHTO,2463,1197,1266,,1189,594,595,,1274,603,671,
NAUSHAHRO FEROZE,NAUSHAHRO FEROZE,DISTRICT,SARAIKI,9501,4630,4870,1,5697,2798,2898,1,3804,1832,1972,
NAUSHAHRO FEROZE,NAUSHAHRO FEROZE,DISTRICT,SHINA,4,,4,,3,,3,,1,,1,
NAUSHAHRO FEROZE,NAUSHAHRO FEROZE,DISTRICT,SINDHI,1636737,805819,830852,66,1224942,602123,622789,30,411795,203696,208063,36
NAUSHAHRO FEROZE,NAUSHAHRO FEROZE,DISTRICT,TOTAL,1776459,875061,901323,75,1269838,624301,645506,31,506621,250760,255817,44
NAUSHAHRO FEROZE,NAUSHAHRO FEROZE,DISTRICT,URDU,70688,35247,35440,1,11522,5799,5723,,59166,29448,29717,1
SANGHAR,SANGHAR,DISTRICT,BALOCHI,47418,23296,24121,1,35202,17311,17891,,12216,5985,6230,1
SANGHAR,SANGHAR,DISTRICT,BALTI,2,1,1,,2,1,1,,,,,
SANGHAR,SANGHAR,DISTRICT,BRAHVI,32524,16142,16381,1,27055,13454,13600,1,5469,2688,2781,
SANGHAR,SANGHAR,DISTRICT,HINDKO,36173,17693,18477,3,30368,14879,15486,3,5805,2814,2991,
SANGHAR,SANGHAR,DISTRICT,KALASHA,30,14,16,,28,13,15,,2,1,1,
SANGHAR,SANGHAR,DISTRICT,KASHMIRI,138,67,71,,60,30,30,,78,37,41,
SANGHAR,SANGHAR,DISTRICT,KOHIOSTANI,130,50,80,,16,5,11,,114,45,69,
SANGHAR,SANGHAR,DISTRICT,MEWATI,3416,1693,1723,,2369,1162,1207,,1047,531,516,
SANGHAR,SANGHAR,DISTRICT,OTHERS,51568,25533,26032,3,40220,19846,20372,2,11348,5687,5660,1
SANGHAR,SANGHAR,DISTRICT,PUNJABI,124273,61927,62326,20,56495,27830,28665,,67778,34097,33661,20
SANGHAR,SANGHAR,DISTRICT,PUSHTO,21789,10698,11091,,13189,6448,6741,,8600,4250,4350,
SANGHAR,SANGHAR,DISTRICT,SARAIKI,32944,16127,16814,3,24866,12213,12652,1,8078,3914,4162,2
SANGHAR,SANGHAR,DISTRICT,SHINA,39,19,20,,37,18,19,,2,1,1,
SANGHAR,SANGHAR,DISTRICT,SINDHI,1756949,862913,893987,49,1428577,701230,727321,26,328372,161683,166666,23
SANGHAR,SANGHAR,DISTRICT,TOTAL,2307831,1135418,1172303,110,1677551,823928,853589,34,630280,311490,318714,76
SANGHAR,SANGHAR,DISTRICT,URDU,200438,99245,101163,30,19067,9488,9578,1,181371,89757,91585,29
SHAHEED BENAZIRABAD,SHAHEED BENAZIRABAD,DISTRICT,BALOCHI,29025,14366,14657,2,21503,10703,10799,1,7522,3663,3858,1
SHAHEED BENAZIRABAD,SHAHEED BENAZIRABAD,DISTRICT,BALTI,14,6,8,,1,,1,,13,6,7,
SHAHEED BENAZIRABAD,SHAHEED BENAZIRABAD,DISTRICT,BRAHVI,30303,15138,15165,,23613,11755,11858,,6690,3383,3307,
SHAHEED BENAZIRABAD,SHAHEED BENAZIRABAD,DISTRICT,HINDKO,7915,3905,4010,,4627,2269,2358,,3288,1636,1652,
SHAHEED BENAZIRABAD,SHAHEED BENAZIRABAD,DISTRICT,KALASHA,,,,,,,,,,,,
SHAHEED BENAZIRABAD,SHAHEED BENAZIRABAD,DISTRICT,KASHMIRI,41,19,22,,18,7,11,,23,12,11,
SHAHEED BENAZIRABAD,SHAHEED BENAZIRABAD,DISTRICT,KOHIOSTANI,,,,,,,,,,,,
SHAHEED BENAZIRABAD,SHAHEED BENAZIRABAD,DISTRICT,MEWATI,610,307,303,,44,23,21,,566,284,282,
SHAHEED BENAZIRABAD,SHAHEED BENAZIRABAD,DISTRICT,OTHERS,4639,2294,2345,,2296,1137,1159,,2343,1157,1186,
SHAHEED BENAZIRABAD,SHAHEED BENAZIRABAD,DISTRICT,PUNJABI,66878,33309,33565,4,20514,10255,10258,1,46364,23054,23307,3
SHAHEED BENAZIRABAD,SHAHEED BENAZIRABAD,DISTRICT,PUSHTO,6073,2914,3159,,2216,1072,1144,,3857,1842,2015,
SHAHEED BENAZIRABAD,SHAHEED BENAZIRABAD,DISTRICT,SARAIKI,13665,6764,6901,,8189,4031,4158,,5476,2733,2743,
SHAHEED BENAZIRABAD,SHAHEED BENAZIRABAD,DISTRICT,SHINA,10,4,6,,4,1,3,,6,3,3,
SHAHEED BENAZIRABAD,SHAHEED BENAZIRABAD,DISTRICT,SINDHI,1571669,772831,798785,53,1160982,570778,590186,18,410687,202053,208599,35
SHAHEED BENAZIRABAD,SHAHEED BENAZIRABAD,DISTRICT,TOTAL,1844627,907836,936724,67,1246750,613372,633358,20,597877,294464,303366,47
SHAHEED BENAZIRABAD,SHAHEED BENAZIRABAD,DISTRICT,URDU,113785,55979,57798,8,2743,1341,1402,,111042,54638,56396,8
SHIKARPUR,SHIKARPUR,DISTRICT,BALOCHI,10856,5444,5411,1,10377,5200,5176,1,479,244,235,
SHIKARPUR,SHIKARPUR,DISTRICT,BALTI,,,,,,,,,,,,
SHIKARPUR,SHIKARPUR,DISTRICT,BRAHVI,17934,8942,8992,,16405,8171,8234,,1529,771,758,
SHIKARPUR,SHIKARPUR,DISTRICT,HINDKO,322,155,167,,293,143,150,,29,12,17,
SHIKARPUR,SHIKARPUR,DISTRICT,KALASHA,,,,,,,,,,,,
SHIKARPUR,SHIKARPUR,DISTRICT,KASHMIRI,9,3,6,,9,3,6,,,,,
SHIKARPUR,SHIKARPUR,DISTRICT,KOHIOSTANI,,,,,,,,,,,,
SHIKARPUR,SHIKARPUR,DISTRICT,MEWATI,459,220,239,,445,212,233,,14,8,6,
SHIKARPUR,SHIKARPUR,DISTRICT,OTHERS,230,115,115,,227,113,114,,3,2,1,
SHIKARPUR,SHIKARPUR,DISTRICT,PUNJABI,270,135,135,,95,50,45,,175,85,90,
SHIKARPUR,SHIKARPUR,DISTRICT,PUSHTO,1193,577,616,,898,424,474,,295,153,142,
SHIKARPUR,SHIKARPUR,DISTRICT,SARAIKI,2672,1254,1418,,2620,1235,1385,,52,19,33,
SHIKARPUR,SHIKARPUR,DISTRICT,SHINA,1,1,,,1,1,,,,,,
SHIKARPUR,SHIKARPUR,DISTRICT,SINDHI,1346635,665895,680697,43,1035824,508485,527313,26,310811,157410,153384,17
SHIKARPUR,SHIKARPUR,DISTRICT,TOTAL,1386330,685587,700698,45,1067592,524238,543327,27,318738,161349,157371,18
SHIKARPUR,SHIKARPUR,DISTRICT,URDU,5749,2846,2902,1,398,201,197,,5351,2645,2705,1
SUJAWAL,SUJAWAL,DISTRICT,BALOCHI,1144,505,639,,1140,502,638,,4,3,1,
SUJAWAL,SUJAWAL,DISTRICT,BALTI,,,,,,,,,,,,
SUJAWAL,SUJAWAL,DISTRICT,BRAHVI,45,23,22,,45,23,22,,,,,
SUJAWAL,SUJAWAL,DISTRICT,HINDKO,707,329,378,,702,328,374,,5,1,4,
SUJAWAL,SUJAWAL,DISTRICT,KALASHA,,,,,,,,,,,,
SUJAWAL,SUJAWAL,DISTRICT,KASHMIRI,5,,5,,5,,5,,,,,
SUJAWAL,SUJAWAL,DISTRICT,KOHIOSTANI,2,,2,,1,,1,,1,,1,
SUJAWAL,SUJAWAL,DISTRICT,MEWATI,,,,,,,,,,,,
SUJAWAL,SUJAWAL,DISTRICT,OTHERS,589,285,304,,563,272,291,,26,13,13,
SUJAWAL,SUJAWAL,DISTRICT,PUNJABI,772,373,399,,364,178,186,,408,195,213,
SUJAWAL,SUJAWAL,DISTRICT,PUSHTO,1283,613,670,,1077,510,567,,206,103,103,
SUJAWAL,SUJAWAL,DISTRICT,SARAIKI,178,69,109,,157,59,98,,21,10,11,
SUJAWAL,SUJAWAL,DISTRICT,SHINA,,,,,,,,,,,,
SUJAWAL,SUJAWAL,DISTRICT,SINDHI,834236,399732,434473,31,746211,356678,389517,16,88025,43054,44956,15
SUJAWAL,SUJAWAL,DISTRICT,TOTAL,839292,402109,437151,32,750445,358647,391782,16,88847,43462,45369,16
SUJAWAL,SUJAWAL,DISTRICT,URDU,331,180,150,1,180,97,83,,151,83,67,1
SUKKUR,SUKKUR,DISTRICT,BALOCHI,15162,7021,8141,,7099,3198,3901,,8063,3823,4240,
SUKKUR,SUKKUR,DISTRICT,BALTI,67,34,33,,6,4,2,,61,30,31,
SUKKUR,SUKKUR,DISTRICT,BRAHVI,2007,947,1060,,334,169,165,,1673,778,895,
SUKKUR,SUKKUR,DISTRICT,HINDKO,3002,1417,1585,,1475,692,783,,1527,725,802,
SUKKUR,SUKKUR,DISTRICT,KALASHA,,,,,,,,,,,,
SUKKUR,SUKKUR,DISTRICT,KASHMIRI,193,80,113,,20,8,12,,173,72,101,
SUKKUR,SUKKUR,DISTRICT,KOHIOSTANI,16,10,6,,,,,,16,10,6,
SUKKUR,SUKKUR,DISTRICT,MEWATI,111,53,58,,7,1,6,,104,52,52,
SUKKUR,SUKKUR,DISTRICT,OTHERS,6372,3032,3340,,1004,477,527,,5368,2555,2813,
SUKKUR,SUKKUR,DISTRICT,PUNJABI,28352,13804,14542,6,4910,2448,2461,1,23442,11356,12081,5
SUKKUR,SUKKUR,DISTRICT,PUSHTO,12168,5685,6482,1,4299,2068,2231,,7869,3617,4251,1
SUKKUR,SUKKUR,DISTRICT,SARAIKI,12936,6081,6854,1,2220,1051,1169,,10716,5030,5685,1
SUKKUR,SUKKUR,DISTRICT,SHINA,79,42,37,,,,,,79,42,37,
SUKKUR,SUKKUR,DISTRICT,SINDHI,1399164,655000,744104,60,796467,372954,423497,16,602697,282046,320607,44
SUKKUR,SUKKUR,DISTRICT,TOTAL,1625467,762224,863169,74,824570,386166,438387,17,800897,376058,424782,57
SUKKUR,SUKKUR,DISTRICT,URDU,145838,69018,76814,6,6729,3096,3633,,139109,65922,73181,6
TANDO ALLAHYAR,TANDO ALLAHYAR,DISTRICT,BALOCHI,10552,5236,5316,,5692,2784,2908,,4860,2452,2408,
TANDO ALLAHYAR,TANDO ALLAHYAR,DISTRICT,BALTI,1,,1,,,,,,1,,1,
TANDO ALLAHYAR,TANDO ALLAHYAR,DISTRICT,BRAHVI,1920,939,981,,1647,801,846,,273,138,135,
TANDO ALLAHYAR,TANDO ALLAHYAR,DISTRICT,HINDKO,9241,4504,4737,,5394,2621,2773,,3847,1883,1964,
TANDO ALLAHYAR,TANDO ALLAHYAR,DISTRICT,KALASHA,,,,,,,,,,,,
TANDO ALLAHYAR,TANDO ALLAHYAR,DISTRICT,KASHMIRI,185,103,82,,22,12,10,,163,91,72,
TANDO ALLAHYAR,TANDO ALLAHYAR,DISTRICT,KOHIOSTANI,1,1,,,1,1,,,,,,
TANDO ALLAHYAR,TANDO ALLAHYAR,DISTRICT,MEWATI,3780,1870,1910,,1244,618,626,,2536,1252,1284,
TANDO ALLAHYAR,TANDO ALLAHYAR,DISTRICT,OTHERS,6706,3320,3386,,2062,1039,1023,,4644,2281,2363,
TANDO ALLAHYAR,TANDO ALLAHYAR,DISTRICT,PUNJABI,22976,11300,11675,1,4537,2212,2325,,18439,9088,9350,1
TANDO ALLAHYAR,TANDO ALLAHYAR,DISTRICT,PUSHTO,6136,2958,3178,,978,477,501,,5158,2481,2677,
TANDO ALLAHYAR,TANDO ALLAHYAR,DISTRICT,SARAIKI,6835,3378,3456,1,1562,777,785,,5273,2601,2671,1
TANDO ALLAHYAR,TANDO ALLAHYAR,DISTRICT,SHINA,7,6,1,,7,6,1,,,,,
TANDO ALLAHYAR,TANDO ALLAHYAR,DISTRICT,SINDHI,786867,386817,400035,15,609742,299125,310613,4,177125,87692,89422,11
TANDO ALLAHYAR,TANDO ALLAHYAR,DISTRICT,TOTAL,922012,453487,468504,21,636325,312124,324197,4,285687,141363,144307,17
TANDO ALLAHYAR,TANDO ALLAHYAR,DISTRICT,URDU,66805,33055,33746,4,3437,1651,1786,,63368,31404,31960,4
TANDO MUHAMMAD KHAN,TANDO MUHAMMAD KHAN,DISTRICT,BALOCHI,1107,534,573,,717,344,373,,390,190,200,
TANDO MUHAMMAD KHAN,TANDO MUHAMMAD KHAN,DISTRICT,BALTI,,,,,,,,,,,,
TANDO MUHAMMAD KHAN,TANDO MUHAMMAD KHAN,DISTRICT,BRAHVI,1340,671,669,,1161,586,575,,179,85,94,
TANDO MUHAMMAD KHAN,TANDO MUHAMMAD KHAN,DISTRICT,HINDKO,14561,6973,7588,,12292,5880,6412,,2269,1093,1176,
TANDO MUHAMMAD KHAN,TANDO MUHAMMAD KHAN,DISTRICT,KALASHA,,,,,,,,,,,,
TANDO MUHAMMAD KHAN,TANDO MUHAMMAD KHAN,DISTRICT,KASHMIRI,288,150,138,,244,128,116,,44,22,22,
TANDO MUHAMMAD KHAN,TANDO MUHAMMAD KHAN,DISTRICT,KOHIOSTANI,,,,,,,,,,,,
TANDO MUHAMMAD KHAN,TANDO MUHAMMAD KHAN,DISTRICT,MEWATI,269,139,130,,189,95,94,,80,44,36,
TANDO MUHAMMAD KHAN,TANDO MUHAMMAD KHAN,DISTRICT,OTHERS,6791,3297,3494,,5113,2451,2662,,1678,846,832,
TANDO MUHAMMAD KHAN,TANDO MUHAMMAD KHAN,DISTRICT,PUNJABI,5308,2590,2718,,2296,1128,1168,,3012,1462,1550,
TANDO MUHAMMAD KHAN,TANDO MUHAMMAD KHAN,DISTRICT,PUSHTO,2798,1346,1452,,862,415,447,,1936,931,1005,
TANDO MUHAMMAD KHAN,TANDO MUHAMMAD KHAN,DISTRICT,SARAIKI,4234,1990,2244,,3941,1844,2097,,293,146,147,
TANDO MUHAMMAD KHAN,TANDO MUHAMMAD KHAN,DISTRICT,SHINA,,,,,,,,,,,,
TANDO MUHAMMAD KHAN,TANDO MUHAMMAD KHAN,DISTRICT,SINDHI,679052,326590,352442,20,535484,257738,277740,6,143568,68852,74702,14
TANDO MUHAMMAD KHAN,TANDO MUHAMMAD KHAN,DISTRICT,TOTAL,725923,349260,376642,21,563930,271418,292506,6,161993,77842,84136,15
TANDO MUHAMMAD KHAN,TANDO MUHAMMAD KHAN,DISTRICT,URDU,10175,4980,5194,1,1631,809,822,,8544,4171,4372,1
THARPARKAR,THARPARKAR,DISTRICT,BALOCHI,342,178,164,,288,153,135,,54,25,29,
THARPARKAR,THARPARKAR,DISTRICT,BALTI,,,,,,,,,,,,
THARPARKAR,THARPARKAR,DISTRICT,BRAHVI,7,4,3,,,,,,7,4,3,
THARPARKAR,THARPARKAR,DISTRICT,HINDKO,2736,1306,1430,,2735,1305,1430,,1,1,,
THARPARKAR,THARPARKAR,DISTRICT,KALASHA,,,,,,,,,,,,
THARPARKAR,THARPARKAR,DISTRICT,KASHMIRI,11,2,9,,9,2,7,,2,,2,
THARPARKAR,THARPARKAR,DISTRICT,KOHIOSTANI,1,,1,,1,,1,,,,,
THARPARKAR,THARPARKAR,DISTRICT,MEWATI,,,,,,,,,,,,
THARPARKAR,THARPARKAR,DISTRICT,OTHERS,4641,2309,2332,,4601,2291,2310,,40,18,22,
THARPARKAR,THARPARKAR,DISTRICT,PUNJABI,854,412,442,,615,301,314,,239,111,128,
THARPARKAR,THARPARKAR,DISTRICT,PUSHTO,1410,682,728,,1157,569,588,,253,113,140,
THARPARKAR,THARPARKAR,DISTRICT,SARAIKI,346,159,187,,311,143,168,,35,16,19,
THARPARKAR,THARPARKAR,DISTRICT,SHINA,,,,,,,,,,,,
THARPARKAR,THARPARKAR,DISTRICT,SINDHI,1766714,844320,922361,33,1623489,775953,847506,30,143225,68367,74855,3
THARPARKAR,THARPARKAR,DISTRICT,TOTAL,1778123,849894,928196,33,1633954,781090,852834,30,144169,68804,75362,3
THARPARKAR,THARPARKAR,DISTRICT,URDU,1061,522,539,,748,373,375,,313,149,164,
THATTA,THATTA,DISTRICT,BALOCHI,10748,5098,5650,,9606,4522,5084,,1142,576,566,
THATTA,THATTA,DISTRICT,BALTI,19,11,8,,19,11,8,,,,,
THATTA,THATTA,DISTRICT,BRAHVI,3380,1620,1760,,2583,1234,1349,,797,386,411,
THATTA,THATTA,DISTRICT,HINDKO,1872,908,963,1,1452,699,752,1,420,209,211,
THATTA,THATTA,DISTRICT,KALASHA,,,,,,,,,,,,
THATTA,THATTA,DISTRICT,KASHMIRI,112,55,57,,75,38,37,,37,17,20,
THATTA,THATTA,DISTRICT,KOHIOSTANI,,,,,,,,,,,,
THATTA,THATTA,DISTRICT,MEWATI,12,7,5,,11,6,5,,1,1,,
THATTA,THATTA,DISTRICT,OTHERS,1489,719,770,,1377,666,711,,112,53,59,
THATTA,THATTA,DISTRICT,PUNJABI,9284,4584,4700,,5132,2525,2607,,4152,2059,2093,
THATTA,THATTA,DISTRICT,PUSHTO,12131,5825,6306,,8671,4147,4524,,3460,1678,1782,
THATTA,THATTA,DISTRICT,SARAIKI,1344,617,727,,713,308,405,,631,309,322,
THATTA,THATTA,DISTRICT,SHINA,,,,,,,,,,,,
THATTA,THATTA,DISTRICT,SINDHI,1029115,501645,527428,42,849183,412920,436233,30,179932,88725,91195,12
THATTA,THATTA,DISTRICT,TOTAL,1083191,527895,555252,44,889512,432373,457107,32,193679,95522,98145,12
THATTA,THATTA,DISTRICT,URDU,13685,6806,6878,1,10690,5297,5392,1,2995,1509,1486,
UMER KOT,UMER KOT,DISTRICT,BALOCHI,3328,1642,1685,1,1691,830,861,,1637,812,824,1
UMER KOT,UMER KOT,DISTRICT,BALTI,,,,,,,,,,,,
UMER KOT,UMER KOT,DISTRICT,BRAHVI,216,95,121,,204,91,113,,12,4,8,
UMER KOT,UMER KOT,DISTRICT,HINDKO,3005,1477,1528,,2901,1434,1467,,104,43,61,
UMER KOT,UMER KOT,DISTRICT,KALASHA,6,3,3,,6,3,3,,,,,
UMER KOT,UMER KOT,DISTRICT,KASHMIRI,25,10,15,,4,3,1,,21,7,14,
UMER KOT,UMER KOT,DISTRICT,KOHIOSTANI,1,,1,,,,,,1,,1,
UMER KOT,UMER KOT,DISTRICT,MEWATI,453,214,239,,453,214,239,,,,,
UMER KOT,UMER KOT,DISTRICT,OTHERS,5733,2730,3003,,5503,2619,2884,,230,111,119,
UMER KOT,UMER KOT,DISTRICT,PUNJABI,20815,9913,10902,,10165,4822,5343,,10650,5091,5559,
UMER KOT,UMER KOT,DISTRICT,PUSHTO,3730,1782,1947,1,1618,790,827,1,2112,992,1120,
UMER KOT,UMER KOT,DISTRICT,SARAIKI,2959,1409,1550,,2331,1119,1212,,628,290,338,
UMER KOT,UMER KOT,DISTRICT,SHINA,,,,,,,,,,,,
UMER KOT,UMER KOT,DISTRICT,SINDHI,1101845,525083,576739,23,871343,415003,456326,14,230502,110080,120413,9
UMER KOT,UMER KOT,DISTRICT,TOTAL,1158284,552188,606071,25,900329,428942,471372,15,257955,123246,134699,10
UMER KOT,UMER KOT,DISTRICT,URDU,16168,7830,8338,,4110,2014,2096,,12058,5816,6242,
