name_admin_unit,part_of_district,admin_unit,religion,all_sexes_overall,female_overall,male_overall,tgend_overall,all_sexes_rural,female_rural,male_rural,tgend_rural,all_sexes_urban,female_urban,male_urban,tgend_urban
ATTOCK,ATTOCK,DISTRICT,QADIANI/AHMADI,175,85,90,,132,63,69,,43,22,21,
ATTOCK,ATTOCK,DISTRICT,CHRISTIAN,13286,6965,6321,,5292,2804,2488,,7994,4161,3833,
ATTOCK,ATTOCK,DISTRICT,HINDU JATI,457,237,220,,88,39,49,,369,198,171,
ATTOCK,ATTOCK,DISTRICT,MUSLIM,2118159,1053485,1064593,81,1540742,767642,773082,18,577417,285843,291511,63
ATTOCK,ATTOCK,DISTRICT,OTHERS,115,57,58,,60,33,27,,55,24,31,
ATTOCK,ATTOCK,DISTRICT,PARSI,,,,,,,,,,,,
ATTOCK,ATTOCK,DISTRICT,SCHEDULED CASTE,44,21,23,,21,11,10,,23,10,13,
ATTOCK,ATTOCK,DISTRICT,SIKH,769,381,388,,21,7,14,,748,374,374,
BAHAWALNAGAR,BAHAWALNAGAR,DISTRICT,QADIANI/AHMADI,1598,772,826,,1164,562,602,,434,210,224,
BAHAWALNAGAR,BAHAWALNAGAR,DISTRICT,CHRISTIAN,14577,7470,7105,2,6881,3632,3249,,7696,3838,3856,2
BAHAWALNAGAR,BAHAWALNAGAR,DISTRICT,HINDU JATI,2995,1495,1500,,1016,486,530,,1979,1009,970,
BAHAWALNAGAR,BAHAWALNAGAR,DISTRICT,MUSLIM,3525258,1691692,1833198,368,2561942,1229426,1332416,100,963316,462266,500782,268
BAHAWALNAGAR,BAHAWALNAGAR,DISTRICT,OTHERS,331,153,178,,189,89,100,,142,64,78,
BAHAWALNAGAR,BAHAWALNAGAR,DISTRICT,PARSI,2,2,,,,,,,2,2,,
BAHAWALNAGAR,BAHAWALNAGAR,DISTRICT,SCHEDULED CASTE,111,52,59,,89,43,46,,22,9,13,
BAHAWALNAGAR,BAHAWALNAGAR,DISTRICT,SIKH,39,17,22,,15,8,7,,24,9,15,
BAHAWALPUR,BAHAWALPUR,DISTRICT,QADIANI/AHMADI,1234,619,615,,859,423,436,,375,196,179,
BAHAWALPUR,BAHAWALPUR,DISTRICT,CHRISTIAN,27651,14266,13382,3,8791,4718,4073,,18860,9548,9309,3
BAHAWALPUR,BAHAWALPUR,DISTRICT,HINDU JATI,46923,23168,23753,2,39974,19749,20224,1,6949,3419,3529,1
BAHAWALPUR,BAHAWALPUR,DISTRICT,MUSLIM,4185348,2059189,2125696,463,2610480,1286171,1324173,136,1574868,773018,801523,327
BAHAWALPUR,BAHAWALPUR,DISTRICT,OTHERS,1427,697,729,1,977,472,505,,450,225,224,1
BAHAWALPUR,BAHAWALPUR,DISTRICT,PARSI,25,7,18,,22,7,15,,3,,3,
BAHAWALPUR,BAHAWALPUR,DISTRICT,SCHEDULED CASTE,1761,849,912,,1329,642,687,,432,207,225,
BAHAWALPUR,BAHAWALPUR,DISTRICT,SIKH,88,35,53,,55,22,33,,33,13,20,
BHAKKAR,BHAKKAR,DISTRICT,QADIANI/AHMADI,124,65,59,,81,39,42,,43,26,17,
BHAKKAR,BHAKKAR,DISTRICT,CHRISTIAN,5913,3064,2848,1,3810,2019,1791,,2103,1045,1057,1
BHAKKAR,BHAKKAR,DISTRICT,HINDU JATI,9,5,4,,7,4,3,,2,1,1,
BHAKKAR,BHAKKAR,DISTRICT,MUSLIM,1950820,937579,1013165,76,1600710,769511,831163,36,350110,168068,182002,40
BHAKKAR,BHAKKAR,DISTRICT,OTHERS,59,34,25,,35,18,17,,24,16,8,
BHAKKAR,BHAKKAR,DISTRICT,PARSI,,,,,,,,,,,,
BHAKKAR,BHAKKAR,DISTRICT,SCHEDULED CASTE,16,6,10,,13,5,8,,3,1,2,
BHAKKAR,BHAKKAR,DISTRICT,SIKH,30,17,13,,24,15,9,,6,2,4,
CHAKWAL,CHAKWAL,DISTRICT,QADIANI/AHMADI,844,436,408,,482,259,223,,362,177,185,
CHAKWAL,CHAKWAL,DISTRICT,CHRISTIAN,8478,4448,4029,1,3749,2000,1749,,4729,2448,2280,1
CHAKWAL,CHAKWAL,DISTRICT,HINDU JATI,125,58,67,,103,47,56,,22,11,11,
CHAKWAL,CHAKWAL,DISTRICT,MUSLIM,1722147,864101,857958,88,1292531,650921,641595,15,429616,213180,216363,73
CHAKWAL,CHAKWAL,DISTRICT,OTHERS,52,29,23,,34,18,16,,18,11,7,
CHAKWAL,CHAKWAL,DISTRICT,PARSI,,,,,,,,,,,,
CHAKWAL,CHAKWAL,DISTRICT,SCHEDULED CASTE,17,10,7,,14,8,6,,3,2,1,
CHAKWAL,CHAKWAL,DISTRICT,SIKH,26,9,17,,18,7,11,,8,2,6,
CHINIOT,CHINIOT,DISTRICT,QADIANI/AHMADI,67223,34347,32876,,6217,3099,3118,,61006,31248,29758,
CHINIOT,CHINIOT,DISTRICT,CHRISTIAN,5211,2817,2393,1,2320,1295,1024,1,2891,1522,1369,
CHINIOT,CHINIOT,DISTRICT,HINDU JATI,49,27,22,,15,7,8,,34,20,14,
CHINIOT,CHINIOT,DISTRICT,MUSLIM,1490359,734845,755348,166,1062727,524157,538522,48,427632,210688,216826,118
CHINIOT,CHINIOT,DISTRICT,OTHERS,85,42,43,,29,16,13,,56,26,30,
CHINIOT,CHINIOT,DISTRICT,PARSI,,,,,,,,,,,,
CHINIOT,CHINIOT,DISTRICT,SCHEDULED CASTE,83,41,42,,31,14,17,,52,27,25,
CHINIOT,CHINIOT,DISTRICT,SIKH,14,7,7,,13,7,6,,1,,1,
DERA GHAZI KHAN,DERA GHAZI KHAN,DISTRICT,QADIANI/AHMADI,1823,926,897,,1186,593,593,,637,333,304,
DERA GHAZI KHAN,DERA GHAZI KHAN,DISTRICT,CHRISTIAN,9135,4944,4191,,6903,3738,3165,,2232,1206,1026,
DERA GHAZI KHAN,DERA GHAZI KHAN,DISTRICT,HINDU JATI,93,37,56,,85,33,52,,8,4,4,
DERA GHAZI KHAN,DERA GHAZI KHAN,DISTRICT,MUSLIM,3375249,1670906,1704223,120,2573550,1275055,1298460,35,801699,395851,405763,85
DERA GHAZI KHAN,DERA GHAZI KHAN,DISTRICT,OTHERS,154,79,74,1,76,40,35,1,78,39,39,
DERA GHAZI KHAN,DERA GHAZI KHAN,DISTRICT,PARSI,,,,,,,,,,,,
DERA GHAZI KHAN,DERA GHAZI KHAN,DISTRICT,SCHEDULED CASTE,73,30,43,,62,29,33,,11,1,10,
DERA GHAZI KHAN,DERA GHAZI KHAN,DISTRICT,SIKH,48,22,26,,41,20,21,,7,2,5,
FAISALABAD,FAISALABAD,DISTRICT,QADIANI/AHMADI,7630,3703,3926,1,4787,2323,2464,,2843,1380,1462,1
FAISALABAD,FAISALABAD,DISTRICT,CHRISTIAN,308580,149811,158727,42,144671,69882,74773,16,163909,79929,83954,26
FAISALABAD,FAISALABAD,DISTRICT,HINDU JATI,1985,972,1013,,1300,624,676,,685,348,337,
FAISALABAD,FAISALABAD,DISTRICT,MUSLIM,8746155,4183311,4561929,915,4531482,2170491,2360715,276,4214673,2012820,2201214,639
FAISALABAD,FAISALABAD,DISTRICT,OTHERS,545,189,352,4,327,93,234,,218,96,118,4
FAISALABAD,FAISALABAD,DISTRICT,PARSI,3,1,2,,1,,1,,2,1,1,
FAISALABAD,FAISALABAD,DISTRICT,SCHEDULED CASTE,165,73,92,,84,40,44,,81,33,48,
FAISALABAD,FAISALABAD,DISTRICT,SIKH,243,102,141,,88,40,48,,155,62,93,
GUJRANWALA,GUJRANWALA,DISTRICT,QADIANI/AHMADI,4639,2289,2348,2,3134,1529,1605,,1505,760,743,2
GUJRANWALA,GUJRANWALA,DISTRICT,CHRISTIAN,207782,103283,104480,19,102115,50584,51521,10,105667,52699,52959,9
GUJRANWALA,GUJRANWALA,DISTRICT,HINDU JATI,964,526,438,,454,244,210,,510,282,228,
GUJRANWALA,GUJRANWALA,DISTRICT,MUSLIM,5726286,2814430,2911353,503,2259513,1119321,1140048,144,3466773,1695109,1771305,359
GUJRANWALA,GUJRANWALA,DISTRICT,OTHERS,279,124,142,13,143,57,86,,136,67,56,13
GUJRANWALA,GUJRANWALA,DISTRICT,PARSI,5,2,3,,1,1,,,4,1,3,
GUJRANWALA,GUJRANWALA,DISTRICT,SCHEDULED CASTE,69,27,42,,33,11,22,,36,16,20,
GUJRANWALA,GUJRANWALA,DISTRICT,SIKH,149,60,89,,25,10,15,,124,50,74,
GUJRAT,GUJRAT,DISTRICT,QADIANI/AHMADI,3825,1937,1888,,2362,1225,1137,,1463,712,751,
GUJRAT,GUJRAT,DISTRICT,CHRISTIAN,30485,15607,14877,1,6748,3646,3102,,23737,11961,11775,1
GUJRAT,GUJRAT,DISTRICT,HINDU JATI,164,58,106,,78,26,52,,86,32,54,
GUJRAT,GUJRAT,DISTRICT,MUSLIM,3181322,1591514,1589619,189,1883543,953386,930115,42,1297779,638128,659504,147
GUJRAT,GUJRAT,DISTRICT,OTHERS,113,55,58,,53,27,26,,60,28,32,
GUJRAT,GUJRAT,DISTRICT,PARSI,,,,,,,,,,,,
GUJRAT,GUJRAT,DISTRICT,SCHEDULED CASTE,53,18,35,,25,7,18,,28,11,17,
GUJRAT,GUJRAT,DISTRICT,SIKH,38,20,18,,11,7,4,,27,13,14,
HAFIZABAD,HAFIZABAD,DISTRICT,QADIANI/AHMADI,1273,640,632,1,904,457,446,1,369,183,186,
HAFIZABAD,HAFIZABAD,DISTRICT,CHRISTIAN,11883,6058,5825,,6277,3212,3065,,5606,2846,2760,
HAFIZABAD,HAFIZABAD,DISTRICT,HINDU JATI,368,162,206,,323,145,178,,45,17,28,
HAFIZABAD,HAFIZABAD,DISTRICT,MUSLIM,1306048,642789,663200,59,807955,397120,410816,19,498093,245669,252384,40
HAFIZABAD,HAFIZABAD,DISTRICT,OTHERS,62,32,30,,46,25,21,,16,7,9,
HAFIZABAD,HAFIZABAD,DISTRICT,PARSI,,,,,,,,,,,,
HAFIZABAD,HAFIZABAD,DISTRICT,SCHEDULED CASTE,12,5,7,,9,4,5,,3,1,2,
HAFIZABAD,HAFIZABAD,DISTRICT,SIKH,5,5,,,3,3,,,2,2,,
JHANG,JHANG,DISTRICT,QADIANI/AHMADI,1313,631,682,,760,365,395,,553,266,287,
JHANG,JHANG,DISTRICT,CHRISTIAN,12091,6372,5718,1,7196,3833,3362,1,4895,2539,2356,
JHANG,JHANG,DISTRICT,HINDU JATI,39,20,19,,18,8,10,,21,12,9,
JHANG,JHANG,DISTRICT,MUSLIM,3051903,1472631,1579021,251,2256490,1087968,1168444,78,795413,384663,410577,173
JHANG,JHANG,DISTRICT,OTHERS,220,86,134,,193,71,122,,27,15,12,
JHANG,JHANG,DISTRICT,PARSI,,,,,,,,,,,,
JHANG,JHANG,DISTRICT,SCHEDULED CASTE,34,13,21,,24,10,14,,10,3,7,
JHANG,JHANG,DISTRICT,SIKH,39,18,21,,32,12,20,,7,6,1,
JHELUM,JHELUM,DISTRICT,QADIANI/AHMADI,413,211,201,1,49,25,24,,364,186,177,1
JHELUM,JHELUM,DISTRICT,CHRISTIAN,14962,7547,7414,1,3326,1757,1569,,11636,5790,5845,1
JHELUM,JHELUM,DISTRICT,HINDU JATI,321,157,164,,77,39,38,,244,118,126,
JHELUM,JHELUM,DISTRICT,MUSLIM,1350437,662224,688117,96,834388,410999,423372,17,516049,251225,264745,79
JHELUM,JHELUM,DISTRICT,OTHERS,127,61,66,,69,33,36,,58,28,30,
JHELUM,JHELUM,DISTRICT,PARSI,1,,1,,,,,,1,,1,
JHELUM,JHELUM,DISTRICT,SCHEDULED CASTE,22,8,14,,13,4,9,,9,4,5,
JHELUM,JHELUM,DISTRICT,SIKH,14,8,6,,5,2,3,,9,6,3,
KASUR,KASUR,DISTRICT,QADIANI/AHMADI,803,375,428,,553,263,290,,250,112,138,
KASUR,KASUR,DISTRICT,CHRISTIAN,140136,69232,70903,1,98036,48302,49734,,42100,20930,21169,1
KASUR,KASUR,DISTRICT,HINDU JATI,415,243,172,,307,183,124,,108,60,48,
KASUR,KASUR,DISTRICT,MUSLIM,3939584,1925109,2014077,398,2740903,1336755,1404009,139,1198681,588354,610068,259
KASUR,KASUR,DISTRICT,OTHERS,514,240,274,,324,165,159,,190,75,115,
KASUR,KASUR,DISTRICT,PARSI,3,2,1,,3,2,1,,,,,
KASUR,KASUR,DISTRICT,SCHEDULED CASTE,60,23,37,,50,19,31,,10,4,6,
KASUR,KASUR,DISTRICT,SIKH,53,33,20,,23,13,10,,30,20,10,
KHANEWAL,KHANEWAL,DISTRICT,QADIANI/AHMADI,748,396,352,,544,289,255,,204,107,97,
KHANEWAL,KHANEWAL,DISTRICT,CHRISTIAN,60920,30099,30806,15,47091,23229,23856,6,13829,6870,6950,9
KHANEWAL,KHANEWAL,DISTRICT,HINDU JATI,265,145,120,,204,113,91,,61,32,29,
KHANEWAL,KHANEWAL,DISTRICT,MUSLIM,3301411,1598019,1703021,371,2598969,1256019,1342810,140,702442,342000,360211,231
KHANEWAL,KHANEWAL,DISTRICT,OTHERS,158,84,74,,129,69,60,,29,15,14,
KHANEWAL,KHANEWAL,DISTRICT,PARSI,2,1,1,,2,1,1,,,,,
KHANEWAL,KHANEWAL,DISTRICT,SCHEDULED CASTE,39,18,21,,21,9,12,,18,9,9,
KHANEWAL,KHANEWAL,DISTRICT,SIKH,46,20,26,,30,14,16,,16,6,10,
KHUSHAB,KHUSHAB,DISTRICT,QADIANI/AHMADI,2123,1072,1051,,1598,809,789,,525,263,262,
KHUSHAB,KHUSHAB,DISTRICT,CHRISTIAN,15011,7491,7519,1,9959,4959,4999,1,5052,2532,2520,
KHUSHAB,KHUSHAB,DISTRICT,HINDU JATI,34,22,12,,21,13,8,,13,9,4,
KHUSHAB,KHUSHAB,DISTRICT,MUSLIM,1483583,724152,759383,48,1070506,523932,546559,15,413077,200220,212824,33
KHUSHAB,KHUSHAB,DISTRICT,OTHERS,49,23,26,,20,9,11,,29,14,15,
KHUSHAB,KHUSHAB,DISTRICT,PARSI,,,,,,,,,,,,
KHUSHAB,KHUSHAB,DISTRICT,SCHEDULED CASTE,21,14,7,,15,10,5,,6,4,2,
KHUSHAB,KHUSHAB,DISTRICT,SIKH,14,6,8,,5,1,4,,9,5,4,
LAHORE,LAHORE,DISTRICT,QADIANI/AHMADI,7139,3419,3717,3,,,,,7139,3419,3717,3
LAHORE,LAHORE,DISTRICT,CHRISTIAN,602431,291167,311132,132,,,,,602431,291167,311132,132
LAHORE,LAHORE,DISTRICT,HINDU JATI,2487,1299,1186,2,,,,,2487,1299,1186,2
LAHORE,LAHORE,DISTRICT,MUSLIM,12363149,5808336,6551616,3197,,,,,12363149,5808336,6551616,3197
LAHORE,LAHORE,DISTRICT,OTHERS,2339,1019,1288,32,,,,,2339,1019,1288,32
LAHORE,LAHORE,DISTRICT,PARSI,77,33,42,2,,,,,77,33,42,2
LAHORE,LAHORE,DISTRICT,SCHEDULED CASTE,324,150,169,5,,,,,324,150,169,5
LAHORE,LAHORE,DISTRICT,SIKH,715,288,424,3,,,,,715,288,424,3
LAYYAH,LAYYAH,DISTRICT,QADIANI/AHMADI,1393,685,708,,1242,610,632,,151,75,76,
LAYYAH,LAYYAH,DISTRICT,CHRISTIAN,14427,7222,7204,1,10472,5259,5213,,3955,1963,1991,1
LAYYAH,LAYYAH,DISTRICT,HINDU JATI,233,118,115,,215,110,105,,18,8,10,
LAYYAH,LAYYAH,DISTRICT,MUSLIM,2086076,1011227,1074761,88,1703972,824850,879087,35,382104,186377,195674,53
LAYYAH,LAYYAH,DISTRICT,OTHERS,184,88,96,,151,69,82,,33,19,14,
LAYYAH,LAYYAH,DISTRICT,PARSI,2,1,1,,2,1,1,,,,,
LAYYAH,LAYYAH,DISTRICT,SCHEDULED CASTE,19,6,13,,16,4,12,,3,2,1,
LAYYAH,LAYYAH,DISTRICT,SIKH,27,15,12,,22,13,9,,5,2,3,
LODHRAN,LODHRAN,DISTRICT,QADIANI/AHMADI,656,321,335,,456,225,231,,200,96,104,
LODHRAN,LODHRAN,DISTRICT,CHRISTIAN,7613,3999,3613,1,5413,2878,2535,,2200,1121,1078,1
LODHRAN,LODHRAN,DISTRICT,HINDU JATI,68,33,35,,44,20,24,,24,13,11,
LODHRAN,LODHRAN,DISTRICT,MUSLIM,1917852,924893,992843,116,1597108,769159,827900,49,320744,155734,164943,67
LODHRAN,LODHRAN,DISTRICT,OTHERS,114,56,58,,92,45,47,,22,11,11,
LODHRAN,LODHRAN,DISTRICT,PARSI,1,,1,,1,,1,,,,,
LODHRAN,LODHRAN,DISTRICT,SCHEDULED CASTE,29,11,18,,22,9,13,,7,2,5,
LODHRAN,LODHRAN,DISTRICT,SIKH,24,13,11,,19,11,8,,5,2,3,
MANDI BAHAUDDIN,MANDI BAHAUDDIN,DISTRICT,QADIANI/AHMADI,1123,556,567,,925,462,463,,198,94,104,
MANDI BAHAUDDIN,MANDI BAHAUDDIN,DISTRICT,CHRISTIAN,9467,4942,4525,,5213,2792,2421,,4254,2150,2104,
MANDI BAHAUDDIN,MANDI BAHAUDDIN,DISTRICT,HINDU JATI,287,146,141,,247,127,120,,40,19,21,
MANDI BAHAUDDIN,MANDI BAHAUDDIN,DISTRICT,MUSLIM,1818188,906374,911675,139,1476813,736647,740084,82,341375,169727,171591,57
MANDI BAHAUDDIN,MANDI BAHAUDDIN,DISTRICT,OTHERS,32,11,21,,21,7,14,,11,4,7,
MANDI BAHAUDDIN,MANDI BAHAUDDIN,DISTRICT,PARSI,1,,1,,,,,,1,,1,
MANDI BAHAUDDIN,MANDI BAHAUDDIN,DISTRICT,SCHEDULED CASTE,39,12,27,,28,9,19,,11,3,8,
MANDI BAHAUDDIN,MANDI BAHAUDDIN,DISTRICT,SIKH,15,6,9,,12,5,7,,3,1,2,
MIANWALI,MIANWALI,DISTRICT,QADIANI/AHMADI,45,20,25,,38,17,21,,7,3,4,
MIANWALI,MIANWALI,DISTRICT,CHRISTIAN,11951,6186,5764,1,8381,4344,4036,1,3570,1842,1728,
MIANWALI,MIANWALI,DISTRICT,HINDU JATI,35,23,12,,28,21,7,,7,2,5,
MIANWALI,MIANWALI,DISTRICT,MUSLIM,1783687,872535,911088,64,1423921,696946,726950,25,359766,175589,184138,39
MIANWALI,MIANWALI,DISTRICT,OTHERS,108,63,45,,78,47,31,,30,16,14,
MIANWALI,MIANWALI,DISTRICT,PARSI,2,2,,,2,2,,,,,,
MIANWALI,MIANWALI,DISTRICT,SCHEDULED CASTE,28,11,17,,20,6,14,,8,5,3,
MIANWALI,MIANWALI,DISTRICT,SIKH,41,15,26,,37,15,22,,4,,4,
MULTAN,MULTAN,DISTRICT,QADIANI/AHMADI,1105,529,576,,601,282,319,,504,247,257,
MULTAN,MULTAN,DISTRICT,CHRISTIAN,42155,21915,20230,10,11142,5949,5193,,31013,15966,15037,10
MULTAN,MULTAN,DISTRICT,HINDU JATI,1576,758,817,1,49,30,19,,1527,728,798,1
MULTAN,MULTAN,DISTRICT,MUSLIM,5295315,2596587,2698335,393,2847253,1401940,1445178,135,2448062,1194647,1253157,258
MULTAN,MULTAN,DISTRICT,OTHERS,355,168,185,2,145,78,67,,210,90,118,2
MULTAN,MULTAN,DISTRICT,PARSI,3,1,2,,1,,1,,2,1,1,
MULTAN,MULTAN,DISTRICT,SCHEDULED CASTE,133,61,72,,37,17,20,,96,44,52,
MULTAN,MULTAN,DISTRICT,SIKH,120,59,60,1,32,17,14,1,88,42,46,
MUZAFFARGARH,MUZAFFARGARH,DISTRICT,QADIANI/AHMADI,1197,574,623,,979,468,511,,218,106,112,
MUZAFFARGARH,MUZAFFARGARH,DISTRICT,CHRISTIAN,17620,9249,8371,,12696,6671,6025,,4924,2578,2346,
MUZAFFARGARH,MUZAFFARGARH,DISTRICT,HINDU JATI,660,325,335,,647,321,326,,13,4,9,
MUZAFFARGARH,MUZAFFARGARH,DISTRICT,MUSLIM,4992312,2456385,2535818,109,4052237,1992907,2059266,64,940075,463478,476552,45
MUZAFFARGARH,MUZAFFARGARH,DISTRICT,OTHERS,167,67,100,,141,61,80,,26,6,20,
MUZAFFARGARH,MUZAFFARGARH,DISTRICT,PARSI,12,5,7,,12,5,7,,,,,
MUZAFFARGARH,MUZAFFARGARH,DISTRICT,SCHEDULED CASTE,56,24,32,,45,21,24,,11,3,8,
MUZAFFARGARH,MUZAFFARGARH,DISTRICT,SIKH,100,43,57,,88,39,49,,12,4,8,
NANKANA SAHIB,NANKANA SAHIB,DISTRICT,QADIANI/AHMADI,1979,993,986,,1812,912,900,,167,81,86,
NANKANA SAHIB,NANKANA SAHIB,DISTRICT,CHRISTIAN,48741,24179,24559,3,38853,19225,19626,2,9888,4954,4933,1
NANKANA SAHIB,NANKANA SAHIB,DISTRICT,HINDU JATI,1124,572,552,,708,368,340,,416,204,212,
NANKANA SAHIB,NANKANA SAHIB,DISTRICT,MUSLIM,1580448,775849,804521,78,1269968,621295,648642,31,310480,154554,155879,47
NANKANA SAHIB,NANKANA SAHIB,DISTRICT,OTHERS,617,281,336,,59,29,30,,558,252,306,
NANKANA SAHIB,NANKANA SAHIB,DISTRICT,PARSI,3,2,1,,3,2,1,,,,,
NANKANA SAHIB,NANKANA SAHIB,DISTRICT,SCHEDULED CASTE,72,33,39,,70,33,37,,2,,2,
NANKANA SAHIB,NANKANA SAHIB,DISTRICT,SIKH,1887,950,937,,10,3,7,,1877,947,930,
NAROWAL,NAROWAL,DISTRICT,QADIANI/AHMADI,4491,2208,2283,,3876,1923,1953,,615,285,330,
NAROWAL,NAROWAL,DISTRICT,CHRISTIAN,43421,21564,21857,,34448,17094,17354,,8973,4470,4503,
NAROWAL,NAROWAL,DISTRICT,HINDU JATI,795,410,385,,637,330,307,,158,80,78,
NAROWAL,NAROWAL,DISTRICT,MUSLIM,1901645,929936,971624,85,1562435,763304,799085,46,339210,166632,172539,39
NAROWAL,NAROWAL,DISTRICT,OTHERS,254,124,130,,237,114,123,,17,10,7,
NAROWAL,NAROWAL,DISTRICT,PARSI,,,,,,,,,,,,
NAROWAL,NAROWAL,DISTRICT,SCHEDULED CASTE,38,20,18,,26,14,12,,12,6,6,
NAROWAL,NAROWAL,DISTRICT,SIKH,125,65,60,,90,45,45,,35,20,15,
OKARA,OKARA,DISTRICT,QADIANI/AHMADI,594,294,300,,158,66,92,,436,228,208,
OKARA,OKARA,DISTRICT,CHRISTIAN,55735,27918,27813,4,28437,14227,14210,,27298,13691,13603,4
OKARA,OKARA,DISTRICT,HINDU JATI,151,79,72,,56,29,27,,95,50,45,
OKARA,OKARA,DISTRICT,MUSLIM,3446579,1690688,1755561,330,2299007,1126168,1172758,81,1147572,564520,582803,249
OKARA,OKARA,DISTRICT,OTHERS,284,129,155,,245,111,134,,39,18,21,
OKARA,OKARA,DISTRICT,PARSI,1,1,,,,,,,1,1,,
OKARA,OKARA,DISTRICT,SCHEDULED CASTE,63,25,38,,41,16,25,,22,9,13,
OKARA,OKARA,DISTRICT,SIKH,44,16,27,1,31,13,18,,13,3,9,1
PAKPATTAN,PAKPATTAN,DISTRICT,QADIANI/AHMADI,51,24,27,,28,12,16,,23,12,11,
PAKPATTAN,PAKPATTAN,DISTRICT,CHRISTIAN,10655,5454,5199,2,5155,2674,2481,,5500,2780,2718,2
PAKPATTAN,PAKPATTAN,DISTRICT,HINDU JATI,24,14,10,,18,12,6,,6,2,4,
PAKPATTAN,PAKPATTAN,DISTRICT,MUSLIM,2124641,1044797,1079686,158,1657700,814634,843018,48,466941,230163,236668,110
PAKPATTAN,PAKPATTAN,DISTRICT,OTHERS,81,35,46,,50,19,31,,31,16,15,
PAKPATTAN,PAKPATTAN,DISTRICT,PARSI,,,,,,,,,,,,
PAKPATTAN,PAKPATTAN,DISTRICT,SCHEDULED CASTE,37,17,20,,26,13,13,,11,4,7,
PAKPATTAN,PAKPATTAN,DISTRICT,SIKH,22,10,12,,14,7,7,,8,3,5,
RAHIM YAR KHAN,RAHIM YAR KHAN,DISTRICT,QADIANI/AHMADI,779,376,403,,438,204,234,,341,172,169,
RAHIM YAR KHAN,RAHIM YAR KHAN,DISTRICT,CHRISTIAN,27057,13684,13372,1,14708,7472,7236,,12349,6212,6136,1
RAHIM YAR KHAN,RAHIM YAR KHAN,DISTRICT,HINDU JATI,159175,76294,82878,3,142945,68615,74327,3,16230,7679,8551,
RAHIM YAR KHAN,RAHIM YAR KHAN,DISTRICT,MUSLIM,5354426,2565670,2788211,545,4044814,1933763,2110858,193,1309612,631907,677353,352
RAHIM YAR KHAN,RAHIM YAR KHAN,DISTRICT,OTHERS,2762,1324,1436,2,2597,1246,1351,,165,78,85,2
RAHIM YAR KHAN,RAHIM YAR KHAN,DISTRICT,PARSI,175,81,94,,173,80,93,,2,1,1,
RAHIM YAR KHAN,RAHIM YAR KHAN,DISTRICT,SCHEDULED CASTE,17241,8306,8935,,15885,7650,8235,,1356,656,700,
RAHIM YAR KHAN,RAHIM YAR KHAN,DISTRICT,SIKH,105,44,61,,74,31,43,,31,13,18,
RAJANPUR,RAJANPUR,DISTRICT,QADIANI/AHMADI,339,157,182,,200,94,106,,139,63,76,
RAJANPUR,RAJANPUR,DISTRICT,CHRISTIAN,4841,2601,2240,,3069,1652,1417,,1772,949,823,
RAJANPUR,RAJANPUR,DISTRICT,HINDU JATI,1016,544,472,,851,456,395,,165,88,77,
RAJANPUR,RAJANPUR,DISTRICT,MUSLIM,2317597,1138680,1178799,118,1690005,826616,863370,19,627592,312064,315429,99
RAJANPUR,RAJANPUR,DISTRICT,OTHERS,146,72,74,,122,61,61,,24,11,13,
RAJANPUR,RAJANPUR,DISTRICT,PARSI,2,,2,,2,,2,,,,,
RAJANPUR,RAJANPUR,DISTRICT,SCHEDULED CASTE,14,5,9,,13,5,8,,1,,1,
RAJANPUR,RAJANPUR,DISTRICT,SIKH,25,14,11,,19,12,7,,6,2,4,
RAWALPINDI,RAWALPINDI,DISTRICT,QADIANI/AHMADI,2387,1201,1186,,355,172,183,,2032,1029,1003,
RAWALPINDI,RAWALPINDI,DISTRICT,CHRISTIAN,112822,57166,55621,35,6577,3556,3021,,106245,53610,52600,35
RAWALPINDI,RAWALPINDI,DISTRICT,HINDU JATI,893,483,410,,23,13,10,,870,470,400,
RAWALPINDI,RAWALPINDI,DISTRICT,MUSLIM,5940634,2916700,3022632,1302,1899433,962524,936870,39,4041201,1954176,2085762,1263
RAWALPINDI,RAWALPINDI,DISTRICT,OTHERS,1465,669,790,6,630,328,302,,835,341,488,6
RAWALPINDI,RAWALPINDI,DISTRICT,PARSI,22,11,11,,1,,1,,21,11,10,
RAWALPINDI,RAWALPINDI,DISTRICT,SCHEDULED CASTE,120,48,71,1,25,9,16,,95,39,55,1
RAWALPINDI,RAWALPINDI,DISTRICT,SIKH,197,88,109,,67,32,35,,130,56,74,
SAHIWAL,SAHIWAL,DISTRICT,QADIANI/AHMADI,623,311,312,,526,264,262,,97,47,50,
SAHIWAL,SAHIWAL,DISTRICT,CHRISTIAN,69506,34553,34953,,47342,23324,24018,,22164,11229,10935,
SAHIWAL,SAHIWAL,DISTRICT,HINDU JATI,183,100,83,,94,49,45,,89,51,38,
SAHIWAL,SAHIWAL,DISTRICT,MUSLIM,2807329,1383926,1423251,152,2075742,1023273,1052383,86,731587,360653,370868,66
SAHIWAL,SAHIWAL,DISTRICT,OTHERS,402,64,338,,368,46,322,,34,18,16,
SAHIWAL,SAHIWAL,DISTRICT,PARSI,1,,1,,1,,1,,,,,
SAHIWAL,SAHIWAL,DISTRICT,SCHEDULED CASTE,34,18,16,,28,17,11,,6,1,5,
SAHIWAL,SAHIWAL,DISTRICT,SIKH,44,16,27,1,27,8,18,1,17,8,9,
SARGODHA,SARGODHA,DISTRICT,QADIANI/AHMADI,4146,2089,2057,,3355,1698,1657,,791,391,400,
SARGODHA,SARGODHA,DISTRICT,CHRISTIAN,80411,40488,39914,9,27754,14040,13714,,52657,26448,26200,9
SARGODHA,SARGODHA,DISTRICT,HINDU JATI,391,193,198,,241,115,126,,150,78,72,
SARGODHA,SARGODHA,DISTRICT,MUSLIM,4241812,2093224,2148218,370,2690868,1328450,1362294,124,1550944,764774,785924,246
SARGODHA,SARGODHA,DISTRICT,OTHERS,323,106,215,2,244,69,175,,79,37,40,2
SARGODHA,SARGODHA,DISTRICT,PARSI,2,1,1,,,,,,2,1,1,
SARGODHA,SARGODHA,DISTRICT,SCHEDULED CASTE,65,26,39,,29,11,18,,36,15,21,
SARGODHA,SARGODHA,DISTRICT,SIKH,113,48,65,,68,26,42,,45,22,23,
SHEIKHUPURA,SHEIKHUPURA,DISTRICT,QADIANI/AHMADI,2638,1334,1304,,1308,661,647,,1330,673,657,
SHEIKHUPURA,SHEIKHUPURA,DISTRICT,CHRISTIAN,148784,73191,75587,6,94652,46435,48213,4,54132,26756,27374,2
SHEIKHUPURA,SHEIKHUPURA,DISTRICT,HINDU JATI,768,410,358,,548,290,258,,220,120,100,
SHEIKHUPURA,SHEIKHUPURA,DISTRICT,MUSLIM,3896801,1894301,2001903,597,2401928,1164365,1237213,350,1494873,729936,764690,247
SHEIKHUPURA,SHEIKHUPURA,DISTRICT,OTHERS,242,112,128,2,109,53,55,1,133,59,73,1
SHEIKHUPURA,SHEIKHUPURA,DISTRICT,PARSI,7,1,6,,,,,,7,1,6,
SHEIKHUPURA,SHEIKHUPURA,DISTRICT,SCHEDULED CASTE,52,21,31,,37,12,25,,15,9,6,
SHEIKHUPURA,SHEIKHUPURA,DISTRICT,SIKH,85,42,42,1,43,21,22,,42,21,20,1
SIALKOT,SIALKOT,DISTRICT,QADIANI/AHMADI,11386,5663,5723,,10150,5065,5085,,1236,598,638,
SIALKOT,SIALKOT,DISTRICT,CHRISTIAN,154884,76832,78042,10,101997,50634,51359,4,52887,26198,26683,6
SIALKOT,SIALKOT,DISTRICT,HINDU JATI,3112,1560,1552,,1497,769,728,,1615,791,824,
SIALKOT,SIALKOT,DISTRICT,MUSLIM,4302067,2122232,2179379,456,2903060,1440884,1461981,195,1399007,681348,717398,261
SIALKOT,SIALKOT,DISTRICT,OTHERS,668,131,144,393,137,66,71,,531,65,73,393
SIALKOT,SIALKOT,DISTRICT,PARSI,2,1,1,,1,1,,,1,,1,
SIALKOT,SIALKOT,DISTRICT,SCHEDULED CASTE,83,40,43,,58,30,28,,25,10,15,
SIALKOT,SIALKOT,DISTRICT,SIKH,260,132,128,,187,94,93,,73,38,35,
TOBA TEK SINGH,TOBA TEK SINGH,DISTRICT,QADIANI/AHMADI,1980,963,1017,,1794,880,914,,186,83,103,
TOBA TEK SINGH,TOBA TEK SINGH,DISTRICT,CHRISTIAN,81259,39666,41580,13,62432,30318,32107,7,18827,9348,9473,6
TOBA TEK SINGH,TOBA TEK SINGH,DISTRICT,HINDU JATI,238,108,130,,203,92,111,,35,16,19,
TOBA TEK SINGH,TOBA TEK SINGH,DISTRICT,MUSLIM,2440350,1187327,1252800,223,1895906,922061,973761,84,544444,265266,279039,139
TOBA TEK SINGH,TOBA TEK SINGH,DISTRICT,OTHERS,153,68,85,,133,60,73,,20,8,12,
TOBA TEK SINGH,TOBA TEK SINGH,DISTRICT,PARSI,4,2,2,,4,2,2,,,,,
TOBA TEK SINGH,TOBA TEK SINGH,DISTRICT,SCHEDULED CASTE,41,16,25,,35,12,23,,6,4,2,
TOBA TEK SINGH,TOBA TEK SINGH,DISTRICT,SIKH,19,12,7,,12,9,3,,7,3,4,
VEHARI,VEHARI,DISTRICT,QADIANI/AHMADI,673,342,331,,576,293,283,,97,49,48,
VEHARI,VEHARI,DISTRICT,CHRISTIAN,29043,14955,14084,4,17179,8909,8266,4,11864,6046,5818,
VEHARI,VEHARI,DISTRICT,HINDU JATI,137,79,58,,95,56,39,,42,23,19,
VEHARI,VEHARI,DISTRICT,MUSLIM,3397920,1678528,1718958,434,2627681,1296524,1330921,236,770239,382004,388037,198
VEHARI,VEHARI,DISTRICT,OTHERS,263,117,145,1,89,47,42,,174,70,103,1
VEHARI,VEHARI,DISTRICT,PARSI,,,,,,,,,,,,
VEHARI,VEHARI,DISTRICT,SCHEDULED CASTE,89,35,54,,73,30,43,,16,5,11,
VEHARI,VEHARI,DISTRICT,SIKH,66,31,35,,34,13,21,,32,18,14,
