name_admin_unit,admin_units,part_of_district,urban_locality,region,all_sexes,male,female,tgend,population_2017,average_annual_growth_rate,household_size,note
BADIN,TALUKA,BADIN,BADIN MC,URBAN,117455,60962,56485,8,112393,.74,5.04,Urban Localities
MATLI,TALUKA,BADIN,MATLI MC,URBAN,74402,38757,35629,16,62563,2.94,5,Urban Localities
TANDO BAGO,TALUKA,BADIN,KHOSKI TC,URBAN,29324,15087,14236,1,27411,1.13,4.8,Urban Localities
GOLARCHI (S.F.RAHU),TALUKA,BADIN,SHAHEED FAZAL RAHU TC,URBAN,35313,18395,16917,1,33866,.7,5.55,Urban Localities
TALHAR,TALUKA,BADIN,TALHAR TC,URBAN,27231,13986,13241,4,27667,-.27,4.55,Urban Localities
MATLI,TALUKA,BADIN,TANDO GHULAM ALI TC,URBAN,36961,19239,17720,2,35724,.57,4.95,Urban Localities
BADIN,TALUKA,BADIN,KADHAN TC,URBAN,14956,7665,7291,,10845,5.52,5.07,Urban Localities
GOLARCHI (S.F.RAHU),TALUKA,BADIN,KARIO GHANWAR TC,URBAN,21775,11452,10323,,19487,1.87,5.47,Urban Localities
BADIN,TALUKA,BADIN,NINDO TC,URBAN,10151,5175,4974,2,8381,3.25,5.57,Urban Localities
TANDO BAGO,TALUKA,BADIN,PANGRIO TC,URBAN,17982,9356,8626,,13443,4.98,4.96,Urban Localities
TALHAR,TALUKA,BADIN,RAJO KHANANI TC,URBAN,21513,11118,10392,3,21018,.39,4.73,Urban Localities
TANDO BAGO,TALUKA,BADIN,TANDO BAGO MC,URBAN,22786,11634,11150,2,17546,4.46,4.65,Urban Localities
DADU,TALUKA,DADU,DADU MC,URBAN,188317,95044,93258,15,171319,1.59,5.39,Urban Localities
KHAIRPUR NATHAN SHAH,TALUKA,DADU,KHAIR PUR NATHAN SHAH MC,URBAN,50786,25170,25615,1,41320,3.51,4.73,Urban Localities
MEHAR,TALUKA,DADU,MEHAR MC,URBAN,67082,33558,33504,20,56200,3,5.05,Urban Localities
JOHI,TALUKA,DADU,JOHI TC,URBAN,40086,20341,19743,2,29031,5.54,5.53,Urban Localities
MEHAR,TALUKA,DADU,RADHAN TC,URBAN,32721,16372,16344,5,28900,2.1,5.27,Urban Localities
KHAIRPUR NATHAN SHAH,TALUKA,DADU,SITA ROAD TC,URBAN,32760,16608,16147,5,31093,.88,5.33,Urban Localities
DADU,TALUKA,DADU,PHULJI TC,URBAN,12700,6416,6283,1,11261,2.03,5.65,Urban Localities
MEHAR,TALUKA,DADU,THARI MOHABAT TC,URBAN,14582,7417,7165,,14282,.35,4.81,Urban Localities
GHOTKI,TALUKA,GHOTKI,GHOTKI MC,URBAN,119879,62102,57767,10,111398,1.23,5.47,Urban Localities
DAHARKI,TALUKA,GHOTKI,DAHARKI TC,URBAN,90177,46863,43311,3,86286,.74,5.51,Urban Localities
MIRPUR MATHELO,TALUKA,GHOTKI,MIRPUR MATHELO MC,URBAN,74651,38879,35768,4,75270,-.14,5.26,Urban Localities
UBAURO,TALUKA,GHOTKI,UBAURO TC,URBAN,50981,26418,24557,6,44496,2.3,5.76,Urban Localities
KHANGARH,TALUKA,GHOTKI,KHANGARH TC,URBAN,32648,16754,15893,1,30423,1.19,5.08,Urban Localities
GHOTKI,TALUKA,GHOTKI,ADILPUR TC,URBAN,11046,5761,5285,,12948,-2.62,6.25,Urban Localities
HYDERABAD CITY,TALUKA,HYDERABAD,HYDERABAD MUNICIPAL CORPORATION HYDERABAD CITY TALUKA,URBAN,725305,381440,343806,59,673091,1.26,5.58,Urban Localities
LATIFABAD,TALUKA,HYDERABAD,HYDERABAD MUNICIPAL CORPORATION LATIFABAD TALUKA,URBAN,761793,401569,360144,80,661304,2.39,5.2,Urban Localities
QASIMABAD,TALUKA,HYDERABAD,QASIMABAD MC,URBAN,335758,182586,153157,15,299460,1.93,5.45,Urban Localities
HYDERABAD CITY,TALUKA,HYDERABAD,HYDERABAD CANTONMENT (Part of Hyder HYDERABAD CITY TALUKA,URBAN,52827,29019,23807,1,52062,.24,6.08,Urban Localities
HYDERABAD,TALUKA,HYDERABAD,TANDO JAM MC,URBAN,74303,38912,35387,4,71760,.58,5.54,Urban Localities
HYDERABAD,TALUKA,HYDERABAD,HUSRI TC,URBAN,26801,14520,12281,,21136,4.05,5.54,Urban Localities
LATIFABAD,TALUKA,HYDERABAD,HYDERABAD CANTONMENT (Part of Latifa LATIFABAD TALUKA,URBAN,39190,20862,18323,5,42386,-1.3,5.8,Urban Localities
QASIMABAD,TALUKA,HYDERABAD,HYDERABAD CANTONMENT (Part of QasimQASIMABAD TALUKA,URBAN,6402,3651,2751,,5319,3.15,7.24,Urban Localities
JACOBABAD,TALUKA,JACOBABAD,JACOBABAD MC,URBAN,219315,111228,108040,47,191098,2.33,6.5,Urban Localities
THUL,TALUKA,JACOBABAD,THUL MC,URBAN,88554,45022,43524,8,70245,3.95,5.91,Urban Localities
GARHI KHAIRO,TALUKA,JACOBABAD,GARHI KHAIRO TC,URBAN,20007,10165,9817,25,12619,8.01,7.85,Urban Localities
THUL,TALUKA,JACOBABAD,MIRPUR BURIRO TC,URBAN,14174,7390,6784,,10731,4.76,6.4,Urban Localities
THUL,TALUKA,JACOBABAD,SOHRAB KHAN SARKI TC,URBAN,19867,10199,9667,1,12525,8.01,7.02,Urban Localities
KOTRI,TALUKA,JAMSHORO,BOLHARI MC,URBAN,169613,87737,81865,11,158239,1.17,5.47,Urban Localities
KOTRI,TALUKA,JAMSHORO,KOTRI MC,URBAN,106615,54326,52279,10,101124,.89,5.14,Urban Localities
KOTRI,TALUKA,JAMSHORO,JAMSHORO TC,URBAN,88190,45457,42713,20,32768,17.99,6.22,Urban Localities
SEHWAN,TALUKA,JAMSHORO,SEHWAN TC,URBAN,75167,38755,36400,12,66898,1.97,5.4,Urban Localities
SEHWAN,TALUKA,JAMSHORO,BHAN TC,URBAN,43108,22055,21050,3,37452,2.38,5.43,Urban Localities
MANJHAND,TALUKA,JAMSHORO,SANN TC,URBAN,13156,6637,6519,,12730,.55,4.62,Urban Localities
THANO BULA KHAN,TALUKA,JAMSHORO,THANO BULA KHAN TC,URBAN,17462,9123,8337,2,14944,2.64,4.48,Urban Localities
MANJHAND,TALUKA,JAMSHORO,MANJHAND TC,URBAN,8435,4290,4145,,8466,-.06,4.68,Urban Localities
KAMBAR ALI KHAN,TALUKA,KAMBAR SHAHDAD KOT,KAMBAR MC,URBAN,112313,58272,54032,9,100970,1.8,5.85,Urban Localities
SHAHDAD KOT,TALUKA,KAMBAR SHAHDAD KOT,SHAHDAD KOT MC,URBAN,120687,62708,57967,12,118935,.24,5.73,Urban Localities
MIRO KHAN,TALUKA,KAMBAR SHAHDAD KOT,BEHRAM TC,URBAN,26679,14061,12617,1,21042,4.05,7.55,Urban Localities
NASIRABAD,TALUKA,KAMBAR SHAHDAD KOT,NASIRABAD TC,URBAN,38105,20135,17967,3,37819,.13,5.81,Urban Localities
QUBO SAEED KHAN,TALUKA,KAMBAR SHAHDAD KOT,QUBO SAEED KHAN TC,URBAN,30646,15832,14812,2,27623,1.75,5.22,Urban Localities
WARAH,TALUKA,KAMBAR SHAHDAD KOT,WARAH TC,URBAN,38394,19840,18554,,37926,.21,5.23,Urban Localities
WARAH,TALUKA,KAMBAR SHAHDAD KOT,GAJI KHUHAWAR TC,URBAN,17879,9107,8772,,15455,2.46,5.32,Urban Localities
MIRO KHAN,TALUKA,KAMBAR SHAHDAD KOT,MIRO KHAN TC,URBAN,20428,10669,9758,1,21270,-.67,5.98,Urban Localities
WARAH,TALUKA,KAMBAR SHAHDAD KOT,WAGAN TC,URBAN,16734,8815,7919,,15763,1,5.29,Urban Localities
GULBERG,SUB-DIVISION,KARACHI CENTRAL,DISTRICT MUNICIPAL CORPORATION KARGULBERG SUB-DIVISION,URBAN,613724,327979,285684,61,496094,3.62,5.75,Urban Localities
LIAQUATABAD,SUB-DIVISION,KARACHI CENTRAL,DISTRICT MUNICIPAL CORPORATION KARLIAQUATABAD SUB-DIVISION,URBAN,547706,289338,258266,102,449098,3.37,5.61,Urban Localities
NAZIMABAD,SUB-DIVISION,KARACHI CENTRAL,DISTRICT MUNICIPAL CORPORATION KARNAZIMABAD SUB-DIVISION,URBAN,572740,304391,268273,76,446347,4.26,5.95,Urban Localities
NEW KARACHI,SUB-DIVISION,KARACHI CENTRAL,DISTRICT MUNICIPAL CORPORATION KARNEW KARACHI SUB-DIVISION,URBAN,1165742,611178,554387,177,871245,4.99,5.93,Urban Localities
NORTH NAZIMABAD,SUB-DIVISION,KARACHI CENTRAL,DISTRICT MUNICIPAL CORPORATION KARNORTH NAZIMABAD SUB-DIVISION,URBAN,922413,486229,436037,147,708598,4.51,5.98,Urban Localities
FEROZABAD,SUB-DIVISION,KARACHI EAST,DISTRICT MUNICIPAL CORPORATION KARFEROZABAD SUB-DIVISION,URBAN,1167692,627873,539635,184,761631,7.4,6.46,Urban Localities
GULSHAN-E-IQBAL,SUB-DIVISION,KARACHI EAST,DISTRICT MUNICIPAL CORPORATION KARGULSHAN-E-IQBAL SUB-DIVISION,URBAN,690029,359780,330138,111,647144,1.08,5.49,Urban Localities
GULZAR-E-HIJRI,SUB-DIVISION,KARACHI EAST,DISTRICT MUNICIPAL CORPORATION KARGULZAR-E-HIJRI SUB-DIVISION,URBAN,1030199,556103,474019,77,730689,5.91,5.78,Urban Localities
JAMSHED QUARTERS,SUB-DIVISION,KARACHI EAST,DISTRICT MUNICIPAL CORPORATION KARJAMSHED QUARTERS SUB-DIVISION,URBAN,640437,338518,301882,37,467312,5.41,6.24,Urban Localities
GULSHAN-E-IQBAL,SUB-DIVISION,KARACHI EAST,FAISAL CANTONMENT (Part of Gulshan-e-I GULSHAN-E-IQBAL SUB-DIVISION,URBAN,289473,148990,140467,16,194656,6.86,5.4,Urban Localities
GULZAR-E-HIJRI,SUB-DIVISION,KARACHI EAST,MALIR CANTONMENT (Part of Gulzar-e-Hijr GULZAR-E-HIJRI SUB-DIVISION,URBAN,88335,45301,43033,1,61762,6.16,5.7,Urban Localities
JAMSHED QUARTERS,SUB-DIVISION,KARACHI EAST,KARACHI CANTONMENT (Part of Jamshed JAMSHED QUARTERS SUB-DIVISION,URBAN,15577,8154,7423,,12121,4.28,5.16,Urban Localities
GARDEN,SUB-DIVISION,KARACHI SOUTH,DISTRICT MUNICIPAL CORPORATION KAR,URBAN,502819,263232,239546,41,363967,5.55,5.6,Urban Localities
LYARI,SUB-DIVISION,KARACHI SOUTH,DISTRICT MUNICIPAL CORPORATION KARLYARI SUB-DIVISION,URBAN,949878,497768,451993,117,661926,6.22,5.69,Urban Localities
ARAM BAGH,SUB-DIVISION,KARACHI SOUTH,DISTRICT MUNICIPAL CORPORATION KARARAM BAGH SUB-DIVISION,URBAN,237224,128413,108806,5,128313,10.81616524,5.32,Urban Localities
CIVIL LINES,SUB-DIVISION,KARACHI SOUTH,DISTRICT MUNICIPAL CORPORATION KARCIVIL LINES SUB-DIVISION,URBAN,281003,157614,123209,180,223950,3.86557374,5.57,Urban Localities
SADDAR,SUB-DIVISION,KARACHI SOUTH,CLIFTON CANTONMENT (Part of Civil Lines CIVIL LINES SUB-DIVISION,URBAN,196813,106410,90387,16,246460,-3.68957283,4.43,Urban Localities
SADDAR,SUB-DIVISION,KARACHI SOUTH,KARACHI CANTONMENT (Part of Sadar SubSADDAR SUB-DIVISION,URBAN,68097,35821,32266,10,53592,4.08435947,5.96,Urban Localities
SADDAR,SUB-DIVISION,KARACHI SOUTH,CLIFTON CANTONMENT (Part of Saddar SuSADDAR SUB-DIVISION,URBAN,43507,23562,19941,4,52038,-2.94804868,4.81,Urban Localities
SADDAR,SUB-DIVISION,KARACHI SOUTH,DISTRICT MUNICIPAL CORPORATION KARSADDAR SUB-DIVISION,URBAN,47759,26582,21168,9,36275,4.7038076,5.95,Urban Localities
CIVIL LINES,SUB-DIVISION,KARACHI SOUTH,KARACHI CANTONMENT (Part of Civil LinesCIVIL LINES SUB-DIVISION,URBAN,2664,1458,1204,2,2709,-.27955309,4.97,Urban Localities
MANGHOPIR,SUB-DIVISION,KARACHI WEST,DISTRICT MUNICIPAL CORPORATION KARMANGHOPIR SUB-DIVISION,URBAN,832801,440500,392253,48,550332,7.16875377,5.48,Urban Localities
DISTRICT MUNICIPAL CORPORATION KARMOMINABAD,SUB-DIVISION,KARACHI WEST,DISTRICT MUNICIPAL CORPORATION KARMOMINABAD SUB-DIVISION,URBAN,1000708,525476,475118,114,845797,2.8506095,5.74,Urban Localities
ORANGI,SUB-DIVISION,KARACHI WEST,DISTRICT MUNICIPAL CORPORATION KARORANGI SUB-DIVISION,URBAN,596919,316870,280021,28,520195,2.3258758,6.27,Urban Localities
KANDHKOT,TALUKA,KASHMORE,KANDHKOT MC,URBAN,99155,48336,50818,1,100850,-.28287235,5.47,Urban Localities
KASHMORE,TALUKA,KASHMORE,KASHMORE TC,URBAN,63984,32323,31645,16,55908,2.28053201,5.87,Urban Localities
KANDHKOT,TALUKA,KASHMORE,GHOUSPUR TC,URBAN,43476,22057,21419,,35319,3.53361471,5.98,Urban Localities
KASHMORE,TALUKA,KASHMORE,GUDDU TC,URBAN,23499,11959,11540,,24537,-.71977485,7.01,Urban Localities
TANGWANI,TALUKA,KASHMORE,KARAMPUR TC,URBAN,20050,10184,9859,7,14085,6.07903731,9.01,Urban Localities
TANGWANI,TALUKA,KASHMORE,TANGWANI TC,URBAN,12015,5995,6020,,12425,-.55920684,5.41,Urban Localities
KASHMORE,TALUKA,KASHMORE,BUXAPUR TC,URBAN,9603,4770,4833,,10535,-1.53609831,5.13,Urban Localities
BALDIA,SUB-DIVISION,KEAMARI,DISTRICT MUNICIPAL CORPORATION KEABALDIA SUB-DIVISION,URBAN,948597,498168,450326,103,832583,2.20407716,6.4,Urban Localities
SITE,SUB-DIVISION,KEAMARI,DISTRICT MUNICIPAL CORPORATION KEAKEAMARI SUB-DIVISION,URBAN,448845,241498,207297,50,396842,2.07926424,6.6,Urban Localities
MAURIPUR,SUB-DIVISION,KEAMARI,DISTRICT MUNICIPAL CORPORATION KEAMAURIPUR SUB-DIVISION,URBAN,218933,115614,103296,23,70611,20.81774835,5.86,Urban Localities
SITE,SUB-DIVISION,KEAMARI,DISTRICT MUNICIPAL CORPORATION KEASITE SUB-DIVISION,URBAN,449120,243781,205303,36,403574,1.80311365,6.9,Urban Localities
KEAMARI,SUB-DIVISION,KEAMARI,MANORA CANTONMENT (Part of Keamari SKEAMARI SUB-DIVISION,URBAN,2956,1565,1391,,4273,-5.9723541,5.5,Urban Localities
KHAIRPUR,TALUKA,KHAIRPUR,KHAIRPUR MC,URBAN,191044,95332,95685,27,183120,.7104800100000001,5.28,Urban Localities
GAMBAT,TALUKA,KHAIRPUR,GAMBAT MC,URBAN,59790,30018,29758,14,52617,2.15878977,6.09,Urban Localities
KINGRI,TALUKA,KHAIRPUR,KINGRI (PIRJO GOTH) MC,URBAN,54266,28221,26041,4,47518,2.24402224,6.82,Urban Localities
NARA,TALUKA,KHAIRPUR,CHOWNDIKO TC,URBAN,40305,20502,19801,2,38620,.71625594,5.15,Urban Localities
KOT DIJI,TALUKA,KHAIRPUR,FAQIRABAD TC,URBAN,38630,19717,18900,13,31273,3.59395126,5.92,Urban Localities
SOBHO DERO,TALUKA,KHAIRPUR,HINGORJA TC,URBAN,32159,16324,15832,3,29635,1.37537322,6.26,Urban Localities
KOT DIJI,TALUKA,KHAIRPUR,KOT DIJI TC,URBAN,36418,18961,17450,7,37532,-.5022883299999999,5.78,Urban Localities
FAIZ GANJ,TALUKA,KHAIRPUR,PACCA CHANG TC,URBAN,38385,19436,18947,2,32968,2.57502702,5.15,Urban Localities
KINGRI,TALUKA,KHAIRPUR,PIRYALOI TC,URBAN,27294,13695,13599,,25792,.95044682,6.37,Urban Localities
SOBHO DERO,TALUKA,KHAIRPUR,RANIPUR TC,URBAN,34337,17299,17035,3,33591,.36776556,6.34,Urban Localities
MIRWAH,TALUKA,KHAIRPUR,SETHARJA TC,URBAN,32741,16640,16100,1,29856,1.55352448,5.82,Urban Localities
SOBHO DERO,TALUKA,KHAIRPUR,SOBHO DERO TC,URBAN,34812,17524,17287,1,31380,1.74972457,6.27,Urban Localities
MIRWAH,TALUKA,KHAIRPUR,THARI MIRWAH TC,URBAN,25264,12777,12484,3,23669,1.09584149,5.67,Urban Localities
GAMBAT,TALUKA,KHAIRPUR,AGRA TC,URBAN,20222,10198,10014,10,17021,2.92178838,6.25,Urban Localities
KINGRI,TALUKA,KHAIRPUR,AHMED PUR TC,URBAN,24812,12659,12153,,21871,2.13090789,6.63,Urban Localities
KHAIRPUR,TALUKA,KHAIRPUR,BABARLOI TC,URBAN,17432,8823,8608,1,13689,4.12231597,5.61,Urban Localities
MIRWAH,TALUKA,KHAIRPUR,BOZDAR WADA TC,URBAN,18959,9522,9437,,16706,2.13679612,5.8,Urban Localities
FAIZ GANJ,TALUKA,KHAIRPUR,KARONDI TC,URBAN,10330,5077,5253,,10381,-.08227303,5.12,Urban Localities
GAMBAT,TALUKA,KHAIRPUR,KHUHRA TC,URBAN,24341,12214,12124,3,24246,.06537508,5.84,Urban Localities
KOT DIJI,TALUKA,KHAIRPUR,KUMB TC,URBAN,19352,9897,9455,,16851,2.33969583,6.41,Urban Localities
MIRWAH,TALUKA,KHAIRPUR,TANDO MIR ALI TC,URBAN,24605,12611,11993,1,23634,.67516171,6.13,Urban Localities
KHAIRPUR,TALUKA,KHAIRPUR,THERHI II TC,URBAN,16531,8149,8382,,12071,5.39539302,5.59,Urban Localities
KHAIRPUR,TALUKA,KHAIRPUR,THERHI-I TC,URBAN,22234,11254,10980,,22965,-.53916194,4.96,Urban Localities
KORANGI,SUB-DIVISION,KORANGI,DISTRICT MUNICIPAL CORPORATION KO KORANGI SUB-DIVISION,URBAN,1306183,690431,615532,220,1071514,3.36502414,6.61,Urban Localities
LANDHI,SUB-DIVISION,KORANGI,DISTRICT MUNICIPAL CORPORATION KO LANDHI SUB-DIVISION,URBAN,681294,357792,323409,93,546196,3.76275077,5.88,Urban Localities
SHAH FAISAL,SUB-DIVISION,KORANGI,DISTRICT MUNICIPAL CORPORATION KO SHAH FAISAL SUB-DIVISION,URBAN,611830,323763,287745,322,447724,5.35745879,6.92,Urban Localities
MODEL COLONY,SUB-DIVISION,KORANGI,DISTRICT MUNICIPAL CORPORATION KO MODEL COLONY SUB-DIVISION,URBAN,441791,231579,210184,28,384389,2.35331248,5.78,Urban Localities
KORANGI,SUB-DIVISION,KORANGI,KORANGI CREEK CANTONMENT (Part of K KORANGI SUB-DIVISION,URBAN,52186,27774,24410,2,48131,1.36099959,6.26,Urban Localities
SHAH FAISAL,SUB-DIVISION,KORANGI,FAISAL CANTONMENT (Part of Shah Faisal SHAH FAISAL SUB-DIVISION,URBAN,30064,15950,14113,1,73106,-13.80021389,5.74,Urban Localities
KORANGI,SUB-DIVISION,KORANGI,CLIFTON CANTONMENT (Part of Korangi S KORANGI SUB-DIVISION,URBAN,5623,2883,2740,,6496,-2.38308559,4.52,Urban Localities
LARKANA,TALUKA,LARKANA,LARKANA MUNICIPAL CORPORATION,URBAN,551716,291199,260450,67,488006,2.07186603,5.56,Urban Localities
RATODERO,TALUKA,LARKANA,NAUDERO MC,URBAN,52846,27208,25629,9,48983,1.27669036,5.31,Urban Localities
RATODERO,TALUKA,LARKANA,RATODERO MC,URBAN,81935,42224,39703,8,67502,3.29133042,5.48,Urban Localities
BAKRANI,TALUKA,LARKANA,ARIJA TC,URBAN,26047,13455,12592,,20608,3.9920317,5.59,Urban Localities
DOKRI,TALUKA,LARKANA,BADAH TC,URBAN,43756,22516,21239,1,40038,1.49511462,5.8,Urban Localities
DOKRI,TALUKA,LARKANA,DOKRI TC,URBAN,27125,14094,13028,3,22164,3.43328022,5.58,Urban Localities
BAKRANI,TALUKA,LARKANA,GARELLO TC,URBAN,14726,7770,6956,,11597,4.0727897,6.09,Urban Localities
IBRAHIM HYDRI,SUB-DIVISION,MALIR,DISTRICT MUNICIPAL CORPORATION MA IBRAHIM HYDRI SUB-DIVISION,URBAN,668304,357027,311213,64,660394,.2,6.31,Urban Localities
MURAD MEMON,SUB-DIVISION,MALIR,DISTRICT MUNICIPAL CORPORATION MA MURAD MEMON SUB-DIVISION,URBAN,203203,105197,97991,15,194750,.71,5.02,Urban Localities
AIRPORT,SUB-DIVISION,MALIR,DISTRICT MUNICIPAL CORPORATION MA AIRPORT SUB-DIVISION,URBAN,117300,60997,56286,17,100842,2.56,6.14,Urban Localities
AIRPORT,SUB-DIVISION,MALIR,MALIR CANTONMENT (Part of Airport Sub-DAIRPORT SUB-DIVISION,URBAN,106089,53829,52248,12,65529,8.380000000000001,5.75,Urban Localities
AIRPORT,SUB-DIVISION,MALIR,FAISAL CANTONMENT (Part of Airport Sub- AIRPORT SUB-DIVISION,URBAN,30981,15760,15218,3,28772,1.24,6.05,Urban Localities
IBRAHIM HYDRI,SUB-DIVISION,MALIR,KORANGI CREEK CANTONMENT (Part of IbIBRAHIM HYDRI SUB-DIVISION,URBAN,17398,9642,7756,,9610,10.43,11.56,Urban Localities
MURAD MEMON,SUB-DIVISION,MALIR,MALIR CANTONMENT (Part of Murad Memo MURAD MEMON SUB-DIVISION,URBAN,23065,12002,11063,,6815,22.6,5.14,Urban Localities
HALA,TALUKA,MATIARI,HALA MC,URBAN,71094,35899,35185,10,65780,1.30679509,5.44,Urban Localities
HALA,TALUKA,MATIARI,BHIT SHAH TC,URBAN,45345,22706,22637,2,39662,2.26311182,6.13,Urban Localities
HALA,TALUKA,MATIARI,HALA OLD TC,URBAN,13992,6916,7076,,13030,1.19755357,5.28,Urban Localities
MATIARI,TALUKA,MATIARI,KHYBER TC,URBAN,12937,6620,6317,,10331,3.83085953,5.77,Urban Localities
MATIARI,TALUKA,MATIARI,MATIARI TC,URBAN,22517,11374,11141,2,21220,.99641283,5.26,Urban Localities
SAEEDABAD,TALUKA,MATIARI,NEW SAEEDABAD TC,URBAN,24084,12079,12003,2,21037,2.28633297,5.75,Urban Localities
MATIARI,TALUKA,MATIARI,ODERO LAL STATION TC,URBAN,12704,6626,6078,,11609,1.51778712,5.71,Urban Localities
MIRPUR KHAS,TALUKA,MIRPUR KHAS,MIRPUR KHAS MC,URBAN,267833,140040,127748,45,234133,2.27281894,5.86,Urban Localities
DIGRI,TALUKA,MIRPUR KHAS,DIGRI TC,URBAN,41774,22060,19710,4,36745,2.16686247,6.7,Urban Localities
JHUDO,TALUKA,MIRPUR KHAS,JHUDO TC,URBAN,37379,19870,17508,1,32215,2.51585915,6.09,Urban Localities
KOT GHULAM MUHAMMAD,TALUKA,MIRPUR KHAS,KOT GHULAM MUHAMMAD TC,URBAN,30088,15681,14405,2,29042,.59308923,5.3,Urban Localities
JHUDO,TALUKA,MIRPUR KHAS,NAUKOT TC,URBAN,30296,16003,14293,,27173,1.83479135,5.48,Urban Localities
DIGRI,TALUKA,MIRPUR KHAS,TANDO JAN MUHAMMAD TC,URBAN,41188,21521,19664,3,36968,1.82291999,5.81,Urban Localities
SINDHRI,TALUKA,MIRPUR KHAS,HINGORNO TC,URBAN,20569,10855,9713,1,16805,3.43539201,5.28,Urban Localities
SHUJAABAD,TALUKA,MIRPUR KHAS,MIRWAH TC,URBAN,23048,12047,10998,3,21000,1.56734515,5.22,Urban Localities
MORO,TALUKA,NAUSHAHRO FEROZE,MORO MC,URBAN,142685,72300,70368,17,95448,6.95019864,5.78,Urban Localities
MEHRABPUR,TALUKA,NAUSHAHRO FEROZE,MEHRABPUR TC,URBAN,57978,29397,28572,9,53608,1.31827837,5.62,Urban Localities
NAUSHAHRO FEROZE,TALUKA,NAUSHAHRO FEROZE,NAUSHAHRO FEROZE TC,URBAN,87416,43967,43443,6,38204,14.83591256,5.75,Urban Localities
BHIRIA,TALUKA,NAUSHAHRO FEROZE,BHIRIA ROAD TC,URBAN,30527,15418,15108,1,24741,3.57448781,5.32,Urban Localities
MEHRABPUR,TALUKA,NAUSHAHRO FEROZE,HALANI TC,URBAN,25317,12805,12512,,23380,1.3391048,5.74,Urban Localities
KANDIARO,TALUKA,NAUSHAHRO FEROZE,KANDIARO TC,URBAN,44382,22225,22152,5,38869,2.24141938,5.86,Urban Localities
NAUSHAHRO FEROZE,TALUKA,NAUSHAHRO FEROZE,MITHIANI TC,URBAN,31936,16439,15495,2,30392,.83160822,5.46,Urban Localities
NAUSHAHRO FEROZE,TALUKA,NAUSHAHRO FEROZE,PADIDAN TC,URBAN,27092,13567,13521,4,25301,1.14958797,6,Urban Localities
BHIRIA,TALUKA,NAUSHAHRO FEROZE,THARU SHAH TC,URBAN,27651,13915,13736,,23259,2.93290908,6.01,Urban Localities
BHIRIA,TALUKA,NAUSHAHRO FEROZE,BHIRIA CITY TC,URBAN,14370,7155,7215,,14089,.33058557,5.2,Urban Localities
NAUSHAHRO FEROZE,TALUKA,NAUSHAHRO FEROZE,DARYA KHAN MARRI TC,URBAN,17890,8928,8962,,11942,6.98814246,6.13,Urban Localities
SHAHDADPUR,TALUKA,SANGHAR,SHAHDADPUR MC,URBAN,113342,56813,56505,24,99667,2.17203944,5.98,Urban Localities
TANDO ADAM,TALUKA,SANGHAR,TANDO ADAM MC,URBAN,174291,88628,85635,28,152025,2.31054847,6.05,Urban Localities
KHIPRO,TALUKA,SANGHAR,KHIPRO TC,URBAN,58307,29734,28567,6,50996,2.26428407,5.95,Urban Localities
SANGHAR,TALUKA,SANGHAR,SANGHAR MC,URBAN,74112,37254,36852,6,75209,-.24525996,6.06,Urban Localities
SHAHDADPUR,TALUKA,SANGHAR,JATIA TC,URBAN,41993,21367,20625,1,39777,.91015899,6.1,Urban Localities
SHAHDADPUR,TALUKA,SANGHAR,SHAHPUR CHAKAR TC,URBAN,42365,21555,20809,1,33941,3.77459165,5.99,Urban Localities
JAM NAWAZ ALI,TALUKA,SANGHAR,BERANI TC,URBAN,20946,10555,10389,2,18788,1.8337272,5.03,Urban Localities
SINJHORO,TALUKA,SANGHAR,JHOL TC,URBAN,19364,9778,9579,7,21792,-1.95481888,5.51,Urban Localities
SANGHAR,TALUKA,SANGHAR,KANDIARI TC,URBAN,11419,5907,5512,,9714,2.73940445,5.32,Urban Localities
SINJHORO,TALUKA,SANGHAR,KHADRO TC,URBAN,17833,8879,8954,,15448,2.42842108,6.03,Urban Localities
SHAHDADPUR,TALUKA,SANGHAR,SARHARI TC,URBAN,18351,9205,9146,,17698,.60736426,5.63,Urban Localities
SINJHORO,TALUKA,SANGHAR,SINJHORO MC,URBAN,22637,11278,11359,,19682,2.36527622,6.43,Urban Localities
JAM NAWAZ ALI,TALUKA,SANGHAR,JAM NAWAZ ALI TC,URBAN,6311,3185,3125,1,8420,-4.70417472,6.34,Urban Localities
SANGHAR,TALUKA,SANGHAR,PERUMAL TC,URBAN,5524,2840,2684,,3326,8.848500039999999,5.29,Urban Localities
SANGHAR,TALUKA,SANGHAR,TANDO MITHA KHAN TC,URBAN,3987,1977,2010,,5236,-4.45225884,5.16,Urban Localities
NAWABSHAH,TALUKA,SHAHEED BENAZIRABAD,NAWABSHAH MC,URBAN,363138,184389,178728,21,279338,4.48219192,6.08,Urban Localities
SAKRAND,TALUKA,SHAHEED BENAZIRABAD,SAKRAND TC,URBAN,72040,36632,35408,,65825,1.5192389,5.46,Urban Localities
DAUR,TALUKA,SHAHEED BENAZIRABAD,BANDHI TC,URBAN,36588,18290,18292,6,32189,2.16384997,6.27,Urban Localities
DAUR,TALUKA,SHAHEED BENAZIRABAD,DAUR TC,URBAN,35662,18460,17201,1,28294,3.94360086,6.02,Urban Localities
KAZI AHMED,TALUKA,SHAHEED BENAZIRABAD,KAZI AHMED TC,URBAN,28610,14441,14152,17,24315,2.7557581,5.73,Urban Localities
DAUR,TALUKA,SHAHEED BENAZIRABAD,BUCHERY TC,URBAN,18798,9562,9235,1,16003,2.72676434,5.59,Urban Localities
KAZI AHMED,TALUKA,SHAHEED BENAZIRABAD,DAULATPUR TC,URBAN,14508,7122,7386,,18297,-3.80364331,6.05,Urban Localities
DAUR,TALUKA,SHAHEED BENAZIRABAD,JAM SAHIB TC,URBAN,19127,9655,9471,1,16855,2.13581948,5.6,Urban Localities
KAZI AHMED,TALUKA,SHAHEED BENAZIRABAD,SHAHPUR JAHANIA TC,URBAN,9649,4932,4717,,8694,1.75703249,5.5,Urban Localities
SHIKARPUR,TALUKA,SHIKARPUR,SHIKARPUR MC,URBAN,204938,102051,102876,11,196158,.73446617,6.06,Urban Localities
LAKHI,TALUKA,SHIKARPUR,LAKHI TC,URBAN,33588,15911,17673,4,23405,6.22274104,8.15,Urban Localities
LAKHI,TALUKA,SHIKARPUR,CHAK TC,URBAN,14908,7293,7615,,14688,.24877316,6.37,Urban Localities
GARHI YASIN,TALUKA,SHIKARPUR,GARHI YASIN TC,URBAN,16155,7940,8215,,16120,.03625325,5.71,Urban Localities
KHANPUR,TALUKA,SHIKARPUR,KHANPUR TC,URBAN,18052,8918,9133,1,24919,-5.2450522,5.02,Urban Localities
GARHI YASIN,TALUKA,SHIKARPUR,MADEJI TC,URBAN,20530,10096,10432,2,19817,.59247919,5.03,Urban Localities
LAKHI,TALUKA,SHIKARPUR,RUSTAM TC,URBAN,10567,5162,5405,,9334,2.09518039,6.77,Urban Localities
SUJAWAL,TALUKA,SUJAWAL,SUJAWAL TC,URBAN,38736,19782,18949,5,35308,1.56061123,5.69,Urban Localities
SHAH BUNDER,TALUKA,SUJAWAL,CHUHAR JAMALI TC,URBAN,18354,9748,8605,1,17727,.58258718,5.03,Urban Localities
MIRPUR BATHORO,TALUKA,SUJAWAL,DARO TC,URBAN,10847,5431,5415,1,10873,-.04000305,5.18,Urban Localities
JATI,TALUKA,SUJAWAL,JATI TC,URBAN,10448,5247,5200,1,12161,-2.50540106,5.25,Urban Localities
MIRPUR BATHORO,TALUKA,SUJAWAL,MIRPUR BATHORO TC,URBAN,10462,5161,5293,8,9427,1.7561921,5.71,Urban Localities
NEW SUKKUR,TALUKA,SUKKUR,SUKKUR MUNICIPAL CORPORATION (Par NEW SUKKUR TALUKA,URBAN,296743,157014,139702,27,268942,1.65758872,6.77,Urban Localities
SUKKUR CITY,TALUKA,SUKKUR,SUKKUR MUNICIPAL CORPORATION (Par SUKKUR CITY TALUKA,URBAN,267108,141007,126087,14,231459,2.42292956,6.7,Urban Localities
PANO AQIL,TALUKA,SUKKUR,PANO AQIL TC,URBAN,76942,40270,36667,5,76015,.20277848,5.22,Urban Localities
ROHRI,TALUKA,SUKKUR,ROHRI MC,URBAN,92135,50284,41843,8,69944,4.71292885,7.43,Urban Localities
PANO AQIL,TALUKA,SUKKUR,PANO AQIL CANTONMENT,URBAN,25759,12792,12967,,24094,1.12299528,8.76,Urban Localities
SALEHPAT,TALUKA,SUKKUR,SALEHPAT TC,URBAN,29068,15348,13718,2,26925,1.28809831,5.3,Urban Localities
ROHRI,TALUKA,SUKKUR,KANDHRA TC,URBAN,21465,11657,9807,1,15798,5.25648956,6.97,Urban Localities
NEW SUKKUR,TALUKA,SUKKUR,BAGERJI TC,URBAN,5779,3178,2601,,7629,-4.53537462,6.68,Urban Localities
TANDO ALLAHYAR,TALUKA,TANDO ALLAHYAR,TANDO ALLAHYAR MC,URBAN,171185,86436,84737,12,162826,.84017262,5.49,Urban Localities
TANDO ALLAHYAR,TALUKA,TANDO ALLAHYAR,NASIRPUR TC,URBAN,35397,17920,17474,3,34561,.40024273,4.85,Urban Localities
CHAMBER,TALUKA,TANDO ALLAHYAR,CHAMBAR TC,URBAN,20037,10041,9995,1,17802,1.99622289,4.96,Urban Localities
JHANDO MARI,TALUKA,TANDO ALLAHYAR,PYARO LUND TC,URBAN,21427,10938,10489,,17999,2.95640805,5.52,Urban Localities
CHAMBER,TALUKA,TANDO ALLAHYAR,SANJAR CHANG TC,URBAN,17669,8858,8810,1,18383,-.6598649,4.89,Urban Localities
TANDO ALLAHYAR,TALUKA,TANDO ALLAHYAR,SULTANABAD TC,URBAN,19972,10114,9858,,16528,3.21378868,5.24,Urban Localities
TANDO MUHAMMAD KHAN,TALUKA,TANDO MUHAMMAD KHAN,TANDO MUHAMMAD KHAN MC,URBAN,114406,59294,55099,13,101868,1.95882953,5.11,Urban Localities
TANDO GHULAM HYDER,TALUKA,TANDO MUHAMMAD KHAN,TANDO GHULAM HYDER TC,URBAN,41277,21576,19700,1,33788,3.40239933,5.45,Urban Localities
BULRI SHAH KARIM,TALUKA,TANDO MUHAMMAD KHAN,BULRI SHAH KARIM TC,URBAN,6459,3337,3121,1,6381,.20325542,4.91,Urban Localities
MITHI,TALUKA,THARPARKAR,MITHI MC,URBAN,52376,27677,24698,1,47135,1.7776372,5.37,Urban Localities
CHACHRO,TALUKA,THARPARKAR,CHACHRO TC,URBAN,25309,13193,12116,,23315,1.38091141,5.31,Urban Localities
MITHI,TALUKA,THARPARKAR,CHELHAR TC,URBAN,12489,6406,6083,,11145,1.92103613,5.18,Urban Localities
DIPLO,TALUKA,THARPARKAR,DIPLO TC,URBAN,13257,6815,6440,2,13142,.14571208,4.72,Urban Localities
ISLAMKOT,TALUKA,THARPARKAR,ISLAMKOT TC,URBAN,19064,9769,9295,,18512,.49225794,5.16,Urban Localities
NAGAR PARKAR,TALUKA,THARPARKAR,NAGAR PARKAR TC,URBAN,12239,6268,5971,,11801,.61090986,4.84,Urban Localities
DAHLI,TALUKA,THARPARKAR,KHEME-JO-PAR TC,URBAN,9671,5348,4323,,7484,4.37754418,7.51,Urban Localities
THATTA,TALUKA,THATTA,MAKLI TC,URBAN,54137,27415,26722,,47239,2.30399507,5.85,Urban Localities
THATTA,TALUKA,THATTA,THATTA MC,URBAN,51723,26057,25659,7,54637,-.9117979899999999,5.49,Urban Localities
MIRPUR SAKRO,TALUKA,THATTA,GHARO TC,URBAN,40220,20342,19876,2,36799,1.49670857,5.94,Urban Localities
GHORABARI,TALUKA,THATTA,GARHO TC,URBAN,19961,10180,9781,,14179,5.88242947,5.5,Urban Localities
GHORABARI,TALUKA,THATTA,GHORABARI TC,URBAN,15184,7814,7370,,9023,9.087675340000001,5.89,Urban Localities
MIRPUR SAKRO,TALUKA,THATTA,MIRPUR SAKRO TC,URBAN,12454,6337,6114,3,10329,3.17603671,6.06,Urban Localities
UMER KOT,TALUKA,UMER KOT,UMERKOT MC,URBAN,144558,75407,69144,7,134196,1.25080872,4.82,Urban Localities
UMER KOT,TALUKA,UMER KOT,DHORONARO TC,URBAN,29507,15498,14009,,27996,.88236687,5.07,Urban Localities
KUNRI,TALUKA,UMER KOT,KUNRI TC,URBAN,26609,13565,13043,1,27993,-.84381646,5.97,Urban Localities
UMER KOT,TALUKA,UMER KOT,CHHORE OLD TC,URBAN,21178,11330,9848,,19930,1.02022029,5.28,Urban Localities
KUNRI,TALUKA,UMER KOT,NABI SAR ROAD TC,URBAN,14074,7360,6714,,11201,3.8895923,5.33,Urban Localities
PITHORO,TALUKA,UMER KOT,PITHORO TC,URBAN,7411,3889,3522,,6651,1.82468782,4.57,Urban Localities
SAMARO,TALUKA,UMER KOT,SAMARO TC,URBAN,9607,4975,4632,,9249,.63669403,5.3,Urban Localities
PITHORO,TALUKA,UMER KOT,SHADI PALI TC,URBAN,5915,3108,2805,2,6321,-1.10332969,5.43,Urban Localities
